<?xml version="1.0" encoding="UTF-8"?>
<gpx version="1.1" creator="LF Waterlinieroute dagetappe" xmlns:xsi="http://www.w3.org/2001/XMLSchema-instance" xmlns="http://www.topografix.com/GPX/1/1" xsi:schemaLocation="http://www.topografix.com/GPX/1/1 https://www.topografix.com/GPX/1/1/gpx.xsd"><metadata><name>Dag 1 - Edam > Naarden</name></metadata><trk><name>Dag 1 - Edam > Naarden</name><trkseg><trkpt lat="52.51612" lon="5.06834"></trkpt><trkpt lat="52.51479" lon="5.06271"></trkpt><trkpt lat="52.51424" lon="5.06008"></trkpt><trkpt lat="52.51388" lon="5.05866"></trkpt><trkpt lat="52.51386" lon="5.05824"></trkpt><trkpt lat="52.51376" lon="5.05720"></trkpt><trkpt lat="52.51368" lon="5.05656"></trkpt><trkpt lat="52.51337" lon="5.05451"></trkpt><trkpt lat="52.51310" lon="5.05315"></trkpt><trkpt lat="52.51305" lon="5.05272"></trkpt><trkpt lat="52.51301" lon="5.05210"></trkpt><trkpt lat="52.51296" lon="5.05162"></trkpt><trkpt lat="52.51269" lon="5.04988"></trkpt><trkpt lat="52.51250" lon="5.04816"></trkpt><trkpt lat="52.51251" lon="5.04730"></trkpt><trkpt lat="52.51247" lon="5.04694"></trkpt><trkpt lat="52.51242" lon="5.04687"></trkpt><trkpt lat="52.51229" lon="5.04688"></trkpt><trkpt lat="52.51219" lon="5.04691"></trkpt><trkpt lat="52.51168" lon="5.04713"></trkpt><trkpt lat="52.51158" lon="5.04708"></trkpt><trkpt lat="52.51151" lon="5.04665"></trkpt><trkpt lat="52.51137" lon="5.04531"></trkpt><trkpt lat="52.51137" lon="5.04449"></trkpt><trkpt lat="52.51131" lon="5.04438"></trkpt><trkpt lat="52.51119" lon="5.04432"></trkpt><trkpt lat="52.51117" lon="5.04422"></trkpt><trkpt lat="52.51117" lon="5.04403"></trkpt><trkpt lat="52.51123" lon="5.04392"></trkpt><trkpt lat="52.51136" lon="5.04394"></trkpt><trkpt lat="52.51136" lon="5.04389"></trkpt><trkpt lat="52.51125" lon="5.04388"></trkpt><trkpt lat="52.51125" lon="5.04381"></trkpt><trkpt lat="52.51126" lon="5.04357"></trkpt><trkpt lat="52.51133" lon="5.04311"></trkpt><trkpt lat="52.51137" lon="5.04192"></trkpt><trkpt lat="52.51137" lon="5.04157"></trkpt><trkpt lat="52.51144" lon="5.04110"></trkpt><trkpt lat="52.51155" lon="5.04109"></trkpt><trkpt lat="52.51172" lon="5.04082"></trkpt><trkpt lat="52.51190" lon="5.04065"></trkpt><trkpt lat="52.51221" lon="5.04049"></trkpt><trkpt lat="52.51253" lon="5.04021"></trkpt><trkpt lat="52.51452" lon="5.03749"></trkpt><trkpt lat="52.51860" lon="5.03158"></trkpt><trkpt lat="52.51958" lon="5.03054"></trkpt><trkpt lat="52.51995" lon="5.03010"></trkpt><trkpt lat="52.52010" lon="5.02979"></trkpt><trkpt lat="52.52027" lon="5.02895"></trkpt><trkpt lat="52.52044" lon="5.02861"></trkpt><trkpt lat="52.52118" lon="5.02743"></trkpt><trkpt lat="52.52140" lon="5.02724"></trkpt><trkpt lat="52.52224" lon="5.02686"></trkpt><trkpt lat="52.52250" lon="5.02659"></trkpt><trkpt lat="52.52251" lon="5.02642"></trkpt><trkpt lat="52.52277" lon="5.02559"></trkpt><trkpt lat="52.52313" lon="5.02455"></trkpt><trkpt lat="52.52333" lon="5.02380"></trkpt><trkpt lat="52.52384" lon="5.02021"></trkpt><trkpt lat="52.52394" lon="5.01974"></trkpt><trkpt lat="52.52412" lon="5.01953"></trkpt><trkpt lat="52.52489" lon="5.01893"></trkpt><trkpt lat="52.52554" lon="5.01831"></trkpt><trkpt lat="52.52595" lon="5.01779"></trkpt><trkpt lat="52.52891" lon="5.01499"></trkpt><trkpt lat="52.52954" lon="5.01456"></trkpt><trkpt lat="52.53024" lon="5.01418"></trkpt><trkpt lat="52.53080" lon="5.01411"></trkpt><trkpt lat="52.53109" lon="5.01414"></trkpt><trkpt lat="52.53128" lon="5.01413"></trkpt><trkpt lat="52.53129" lon="5.01339"></trkpt><trkpt lat="52.53126" lon="5.01321"></trkpt><trkpt lat="52.53115" lon="5.01294"></trkpt><trkpt lat="52.53057" lon="5.01221"></trkpt><trkpt lat="52.53015" lon="5.01183"></trkpt><trkpt lat="52.52998" lon="5.01162"></trkpt><trkpt lat="52.52930" lon="5.01058"></trkpt><trkpt lat="52.52889" lon="5.01007"></trkpt><trkpt lat="52.52859" lon="5.00986"></trkpt><trkpt lat="52.52842" lon="5.00969"></trkpt><trkpt lat="52.52803" lon="5.00916"></trkpt><trkpt lat="52.52798" lon="5.00906"></trkpt><trkpt lat="52.52790" lon="5.00881"></trkpt><trkpt lat="52.52787" lon="5.00860"></trkpt><trkpt lat="52.52773" lon="5.00697"></trkpt><trkpt lat="52.52751" lon="5.00504"></trkpt><trkpt lat="52.52728" lon="5.00172"></trkpt><trkpt lat="52.52721" lon="5.00119"></trkpt><trkpt lat="52.52716" lon="5.00093"></trkpt><trkpt lat="52.52701" lon="5.00070"></trkpt><trkpt lat="52.52607" lon="4.99983"></trkpt><trkpt lat="52.52590" lon="4.99974"></trkpt><trkpt lat="52.52570" lon="4.99969"></trkpt><trkpt lat="52.52527" lon="4.99972"></trkpt><trkpt lat="52.52509" lon="4.99967"></trkpt><trkpt lat="52.52486" lon="4.99946"></trkpt><trkpt lat="52.52440" lon="4.99894"></trkpt><trkpt lat="52.52415" lon="4.99872"></trkpt><trkpt lat="52.52360" lon="4.99828"></trkpt><trkpt lat="52.52342" lon="4.99807"></trkpt><trkpt lat="52.52333" lon="4.99763"></trkpt><trkpt lat="52.52324" lon="4.99739"></trkpt><trkpt lat="52.52305" lon="4.99713"></trkpt><trkpt lat="52.52232" lon="4.99634"></trkpt><trkpt lat="52.52219" lon="4.99585"></trkpt><trkpt lat="52.52231" lon="4.99554"></trkpt><trkpt lat="52.52243" lon="4.99533"></trkpt><trkpt lat="52.52268" lon="4.99481"></trkpt><trkpt lat="52.52294" lon="4.99410"></trkpt><trkpt lat="52.52330" lon="4.99323"></trkpt><trkpt lat="52.52355" lon="4.99284"></trkpt><trkpt lat="52.52377" lon="4.99213"></trkpt><trkpt lat="52.52387" lon="4.99188"></trkpt><trkpt lat="52.52423" lon="4.99124"></trkpt><trkpt lat="52.52472" lon="4.99012"></trkpt><trkpt lat="52.52516" lon="4.98917"></trkpt><trkpt lat="52.52545" lon="4.98837"></trkpt><trkpt lat="52.52568" lon="4.98734"></trkpt><trkpt lat="52.52580" lon="4.98712"></trkpt><trkpt lat="52.52603" lon="4.98686"></trkpt><trkpt lat="52.52639" lon="4.98627"></trkpt><trkpt lat="52.52677" lon="4.98545"></trkpt><trkpt lat="52.52697" lon="4.98475"></trkpt><trkpt lat="52.52711" lon="4.98461"></trkpt><trkpt lat="52.52726" lon="4.98455"></trkpt><trkpt lat="52.52743" lon="4.98429"></trkpt><trkpt lat="52.52808" lon="4.98292"></trkpt><trkpt lat="52.52831" lon="4.98248"></trkpt><trkpt lat="52.52842" lon="4.98197"></trkpt><trkpt lat="52.52855" lon="4.98109"></trkpt><trkpt lat="52.52859" lon="4.97987"></trkpt><trkpt lat="52.52864" lon="4.97931"></trkpt><trkpt lat="52.52873" lon="4.97877"></trkpt><trkpt lat="52.52891" lon="4.97680"></trkpt><trkpt lat="52.52925" lon="4.97481"></trkpt><trkpt lat="52.52949" lon="4.97313"></trkpt><trkpt lat="52.52964" lon="4.97226"></trkpt><trkpt lat="52.52982" lon="4.97133"></trkpt><trkpt lat="52.53088" lon="4.96795"></trkpt><trkpt lat="52.53116" lon="4.96717"></trkpt><trkpt lat="52.53143" lon="4.96632"></trkpt><trkpt lat="52.53150" lon="4.96592"></trkpt><trkpt lat="52.53159" lon="4.96558"></trkpt><trkpt lat="52.53175" lon="4.96527"></trkpt><trkpt lat="52.53193" lon="4.96480"></trkpt><trkpt lat="52.53286" lon="4.96170"></trkpt><trkpt lat="52.53321" lon="4.96060"></trkpt><trkpt lat="52.53332" lon="4.96037"></trkpt><trkpt lat="52.53362" lon="4.95987"></trkpt><trkpt lat="52.53377" lon="4.95952"></trkpt><trkpt lat="52.53393" lon="4.95892"></trkpt><trkpt lat="52.53487" lon="4.95482"></trkpt><trkpt lat="52.53497" lon="4.95488"></trkpt><trkpt lat="52.53510" lon="4.95489"></trkpt><trkpt lat="52.53630" lon="4.95563"></trkpt><trkpt lat="52.53789" lon="4.95658"></trkpt><trkpt lat="52.53795" lon="4.95654"></trkpt><trkpt lat="52.53796" lon="4.95646"></trkpt><trkpt lat="52.53800" lon="4.95642"></trkpt><trkpt lat="52.53813" lon="4.95647"></trkpt><trkpt lat="52.53817" lon="4.95634"></trkpt><trkpt lat="52.53827" lon="4.95621"></trkpt><trkpt lat="52.53835" lon="4.95591"></trkpt><trkpt lat="52.53905" lon="4.95285"></trkpt><trkpt lat="52.53912" lon="4.95264"></trkpt><trkpt lat="52.53930" lon="4.95187"></trkpt><trkpt lat="52.53934" lon="4.95154"></trkpt><trkpt lat="52.54054" lon="4.94627"></trkpt><trkpt lat="52.54196" lon="4.94015"></trkpt><trkpt lat="52.54227" lon="4.93857"></trkpt><trkpt lat="52.53534" lon="4.93436"></trkpt><trkpt lat="52.53503" lon="4.93416"></trkpt><trkpt lat="52.53470" lon="4.93386"></trkpt><trkpt lat="52.53425" lon="4.93357"></trkpt><trkpt lat="52.53385" lon="4.93335"></trkpt><trkpt lat="52.53352" lon="4.93324"></trkpt><trkpt lat="52.52860" lon="4.93027"></trkpt><trkpt lat="52.52332" lon="4.92707"></trkpt><trkpt lat="52.52314" lon="4.92695"></trkpt><trkpt lat="52.52226" lon="4.92643"></trkpt><trkpt lat="52.52192" lon="4.92621"></trkpt><trkpt lat="52.52130" lon="4.92585"></trkpt><trkpt lat="52.51989" lon="4.92497"></trkpt><trkpt lat="52.51823" lon="4.92399"></trkpt><trkpt lat="52.51679" lon="4.92310"></trkpt><trkpt lat="52.51503" lon="4.92205"></trkpt><trkpt lat="52.51459" lon="4.92176"></trkpt><trkpt lat="52.51306" lon="4.92084"></trkpt><trkpt lat="52.51231" lon="4.92036"></trkpt><trkpt lat="52.51246" lon="4.91993"></trkpt><trkpt lat="52.51317" lon="4.91844"></trkpt><trkpt lat="52.51366" lon="4.91749"></trkpt><trkpt lat="52.51488" lon="4.91560"></trkpt><trkpt lat="52.51511" lon="4.91513"></trkpt><trkpt lat="52.51521" lon="4.91482"></trkpt><trkpt lat="52.51559" lon="4.91342"></trkpt><trkpt lat="52.51570" lon="4.91306"></trkpt><trkpt lat="52.51581" lon="4.91280"></trkpt><trkpt lat="52.51690" lon="4.91081"></trkpt><trkpt lat="52.51700" lon="4.91055"></trkpt><trkpt lat="52.51729" lon="4.90932"></trkpt><trkpt lat="52.51739" lon="4.90875"></trkpt><trkpt lat="52.51744" lon="4.90752"></trkpt><trkpt lat="52.51749" lon="4.90689"></trkpt><trkpt lat="52.51807" lon="4.90303"></trkpt><trkpt lat="52.51808" lon="4.90268"></trkpt><trkpt lat="52.51791" lon="4.89861"></trkpt><trkpt lat="52.51783" lon="4.89504"></trkpt><trkpt lat="52.51782" lon="4.89448"></trkpt><trkpt lat="52.51783" lon="4.89434"></trkpt><trkpt lat="52.51781" lon="4.89411"></trkpt><trkpt lat="52.51785" lon="4.89355"></trkpt><trkpt lat="52.51830" lon="4.88965"></trkpt><trkpt lat="52.51911" lon="4.88531"></trkpt><trkpt lat="52.51934" lon="4.88400"></trkpt><trkpt lat="52.51942" lon="4.88329"></trkpt><trkpt lat="52.51959" lon="4.88091"></trkpt><trkpt lat="52.51981" lon="4.87845"></trkpt><trkpt lat="52.51988" lon="4.87786"></trkpt><trkpt lat="52.52006" lon="4.87673"></trkpt><trkpt lat="52.52013" lon="4.87614"></trkpt><trkpt lat="52.52017" lon="4.87523"></trkpt><trkpt lat="52.52027" lon="4.87462"></trkpt><trkpt lat="52.52069" lon="4.87335"></trkpt><trkpt lat="52.52078" lon="4.87285"></trkpt><trkpt lat="52.52087" lon="4.87201"></trkpt><trkpt lat="52.52093" lon="4.87180"></trkpt><trkpt lat="52.52142" lon="4.87078"></trkpt><trkpt lat="52.52203" lon="4.86879"></trkpt><trkpt lat="52.52224" lon="4.86816"></trkpt><trkpt lat="52.52244" lon="4.86767"></trkpt><trkpt lat="52.52367" lon="4.86495"></trkpt><trkpt lat="52.52402" lon="4.86411"></trkpt><trkpt lat="52.52519" lon="4.85974"></trkpt><trkpt lat="52.52528" lon="4.85931"></trkpt><trkpt lat="52.52543" lon="4.85786"></trkpt><trkpt lat="52.52543" lon="4.85722"></trkpt><trkpt lat="52.52520" lon="4.85491"></trkpt><trkpt lat="52.52508" lon="4.85156"></trkpt><trkpt lat="52.52509" lon="4.85128"></trkpt><trkpt lat="52.52526" lon="4.84971"></trkpt><trkpt lat="52.52545" lon="4.84828"></trkpt><trkpt lat="52.52558" lon="4.84782"></trkpt><trkpt lat="52.52696" lon="4.84346"></trkpt><trkpt lat="52.52859" lon="4.84107"></trkpt><trkpt lat="52.52949" lon="4.84008"></trkpt><trkpt lat="52.52999" lon="4.83937"></trkpt><trkpt lat="52.53025" lon="4.83891"></trkpt><trkpt lat="52.53056" lon="4.83798"></trkpt><trkpt lat="52.53067" lon="4.83782"></trkpt><trkpt lat="52.53142" lon="4.83738"></trkpt><trkpt lat="52.53289" lon="4.83690"></trkpt><trkpt lat="52.53347" lon="4.83650"></trkpt><trkpt lat="52.53390" lon="4.83629"></trkpt><trkpt lat="52.53406" lon="4.83629"></trkpt><trkpt lat="52.53417" lon="4.83637"></trkpt><trkpt lat="52.53485" lon="4.83701"></trkpt><trkpt lat="52.53508" lon="4.83720"></trkpt><trkpt lat="52.53528" lon="4.83730"></trkpt><trkpt lat="52.53640" lon="4.83759"></trkpt><trkpt lat="52.53676" lon="4.83751"></trkpt><trkpt lat="52.53736" lon="4.83725"></trkpt><trkpt lat="52.53750" lon="4.83704"></trkpt><trkpt lat="52.53772" lon="4.83683"></trkpt><trkpt lat="52.53796" lon="4.83667"></trkpt><trkpt lat="52.53909" lon="4.83611"></trkpt><trkpt lat="52.53934" lon="4.83605"></trkpt><trkpt lat="52.53954" lon="4.83609"></trkpt><trkpt lat="52.53973" lon="4.83618"></trkpt><trkpt lat="52.54024" lon="4.83653"></trkpt><trkpt lat="52.54084" lon="4.83422"></trkpt><trkpt lat="52.53974" lon="4.83406"></trkpt><trkpt lat="52.53956" lon="4.83398"></trkpt><trkpt lat="52.53943" lon="4.83381"></trkpt><trkpt lat="52.53942" lon="4.83359"></trkpt><trkpt lat="52.53947" lon="4.83332"></trkpt><trkpt lat="52.53965" lon="4.83271"></trkpt><trkpt lat="52.53988" lon="4.83211"></trkpt><trkpt lat="52.54003" lon="4.83180"></trkpt><trkpt lat="52.54150" lon="4.82917"></trkpt><trkpt lat="52.54187" lon="4.82839"></trkpt><trkpt lat="52.54247" lon="4.82649"></trkpt><trkpt lat="52.54343" lon="4.82325"></trkpt><trkpt lat="52.54364" lon="4.82220"></trkpt><trkpt lat="52.54400" lon="4.82020"></trkpt><trkpt lat="52.54415" lon="4.81920"></trkpt><trkpt lat="52.54418" lon="4.81890"></trkpt><trkpt lat="52.54468" lon="4.81582"></trkpt><trkpt lat="52.54500" lon="4.81320"></trkpt><trkpt lat="52.54513" lon="4.81268"></trkpt><trkpt lat="52.54569" lon="4.81100"></trkpt><trkpt lat="52.54580" lon="4.81079"></trkpt><trkpt lat="52.54628" lon="4.81013"></trkpt><trkpt lat="52.54711" lon="4.80893"></trkpt><trkpt lat="52.54831" lon="4.80790"></trkpt><trkpt lat="52.54871" lon="4.80742"></trkpt><trkpt lat="52.54986" lon="4.80580"></trkpt><trkpt lat="52.55010" lon="4.80542"></trkpt><trkpt lat="52.55027" lon="4.80509"></trkpt><trkpt lat="52.55064" lon="4.80418"></trkpt><trkpt lat="52.55085" lon="4.80345"></trkpt><trkpt lat="52.55092" lon="4.80312"></trkpt><trkpt lat="52.55122" lon="4.79950"></trkpt><trkpt lat="52.55127" lon="4.79719"></trkpt><trkpt lat="52.55138" lon="4.79719"></trkpt><trkpt lat="52.55147" lon="4.79708"></trkpt><trkpt lat="52.55167" lon="4.79641"></trkpt><trkpt lat="52.55185" lon="4.79565"></trkpt><trkpt lat="52.55198" lon="4.79530"></trkpt><trkpt lat="52.55206" lon="4.79518"></trkpt><trkpt lat="52.55223" lon="4.79505"></trkpt><trkpt lat="52.55242" lon="4.79499"></trkpt><trkpt lat="52.55359" lon="4.79486"></trkpt><trkpt lat="52.55473" lon="4.79448"></trkpt><trkpt lat="52.55524" lon="4.79553"></trkpt><trkpt lat="52.55531" lon="4.79556"></trkpt><trkpt lat="52.55565" lon="4.79543"></trkpt><trkpt lat="52.55578" lon="4.79523"></trkpt><trkpt lat="52.55584" lon="4.79494"></trkpt><trkpt lat="52.55590" lon="4.79488"></trkpt><trkpt lat="52.55612" lon="4.79480"></trkpt><trkpt lat="52.55633" lon="4.79460"></trkpt><trkpt lat="52.55647" lon="4.79455"></trkpt><trkpt lat="52.55659" lon="4.79456"></trkpt><trkpt lat="52.55698" lon="4.79463"></trkpt><trkpt lat="52.55669" lon="4.79600"></trkpt><trkpt lat="52.55664" lon="4.79609"></trkpt><trkpt lat="52.55658" lon="4.79609"></trkpt><trkpt lat="52.55674" lon="4.79527"></trkpt><trkpt lat="52.55698" lon="4.79365"></trkpt><trkpt lat="52.55706" lon="4.79213"></trkpt><trkpt lat="52.55708" lon="4.79125"></trkpt><trkpt lat="52.55705" lon="4.79035"></trkpt><trkpt lat="52.55689" lon="4.78789"></trkpt><trkpt lat="52.55687" lon="4.78716"></trkpt><trkpt lat="52.55690" lon="4.78642"></trkpt><trkpt lat="52.55698" lon="4.78568"></trkpt><trkpt lat="52.55707" lon="4.78515"></trkpt><trkpt lat="52.55721" lon="4.78452"></trkpt><trkpt lat="52.55751" lon="4.78341"></trkpt><trkpt lat="52.55764" lon="4.78317"></trkpt><trkpt lat="52.55786" lon="4.78296"></trkpt><trkpt lat="52.55792" lon="4.78279"></trkpt><trkpt lat="52.55795" lon="4.78219"></trkpt><trkpt lat="52.55790" lon="4.78213"></trkpt><trkpt lat="52.55756" lon="4.78193"></trkpt><trkpt lat="52.55740" lon="4.78205"></trkpt><trkpt lat="52.55674" lon="4.78159"></trkpt><trkpt lat="52.55588" lon="4.78104"></trkpt><trkpt lat="52.55505" lon="4.78068"></trkpt><trkpt lat="52.55477" lon="4.78060"></trkpt><trkpt lat="52.55468" lon="4.78050"></trkpt><trkpt lat="52.55436" lon="4.78044"></trkpt><trkpt lat="52.55421" lon="4.78055"></trkpt><trkpt lat="52.55246" lon="4.78013"></trkpt><trkpt lat="52.55154" lon="4.77986"></trkpt><trkpt lat="52.55122" lon="4.77983"></trkpt><trkpt lat="52.55003" lon="4.77955"></trkpt><trkpt lat="52.54966" lon="4.77942"></trkpt><trkpt lat="52.54900" lon="4.77930"></trkpt><trkpt lat="52.54710" lon="4.77883"></trkpt><trkpt lat="52.54664" lon="4.77866"></trkpt><trkpt lat="52.54647" lon="4.77841"></trkpt><trkpt lat="52.54639" lon="4.77837"></trkpt><trkpt lat="52.54624" lon="4.77835"></trkpt><trkpt lat="52.54620" lon="4.77846"></trkpt><trkpt lat="52.54613" lon="4.77852"></trkpt><trkpt lat="52.54521" lon="4.77838"></trkpt><trkpt lat="52.54433" lon="4.77817"></trkpt><trkpt lat="52.54413" lon="4.77809"></trkpt><trkpt lat="52.54357" lon="4.77801"></trkpt><trkpt lat="52.53821" lon="4.77792"></trkpt><trkpt lat="52.53253" lon="4.77788"></trkpt><trkpt lat="52.53205" lon="4.77790"></trkpt><trkpt lat="52.53132" lon="4.77808"></trkpt><trkpt lat="52.53029" lon="4.77848"></trkpt><trkpt lat="52.52929" lon="4.77892"></trkpt><trkpt lat="52.52812" lon="4.77934"></trkpt><trkpt lat="52.52757" lon="4.77969"></trkpt><trkpt lat="52.52745" lon="4.77966"></trkpt><trkpt lat="52.52732" lon="4.77976"></trkpt><trkpt lat="52.52720" lon="4.77988"></trkpt><trkpt lat="52.52716" lon="4.78008"></trkpt><trkpt lat="52.52624" lon="4.78119"></trkpt><trkpt lat="52.52378" lon="4.78390"></trkpt><trkpt lat="52.52343" lon="4.78422"></trkpt><trkpt lat="52.52307" lon="4.78450"></trkpt><trkpt lat="52.52246" lon="4.78482"></trkpt><trkpt lat="52.52185" lon="4.78499"></trkpt><trkpt lat="52.52129" lon="4.78502"></trkpt><trkpt lat="52.52094" lon="4.78498"></trkpt><trkpt lat="52.51909" lon="4.78455"></trkpt><trkpt lat="52.51806" lon="4.78426"></trkpt><trkpt lat="52.51802" lon="4.78363"></trkpt><trkpt lat="52.51795" lon="4.78357"></trkpt><trkpt lat="52.51797" lon="4.78233"></trkpt><trkpt lat="52.51743" lon="4.78206"></trkpt><trkpt lat="52.51702" lon="4.78201"></trkpt><trkpt lat="52.51651" lon="4.78190"></trkpt><trkpt lat="52.51582" lon="4.78169"></trkpt><trkpt lat="52.51452" lon="4.78136"></trkpt><trkpt lat="52.51454" lon="4.78101"></trkpt><trkpt lat="52.51450" lon="4.78022"></trkpt><trkpt lat="52.51446" lon="4.77859"></trkpt><trkpt lat="52.51438" lon="4.77823"></trkpt><trkpt lat="52.51434" lon="4.77771"></trkpt><trkpt lat="52.51436" lon="4.77666"></trkpt><trkpt lat="52.51439" lon="4.77656"></trkpt><trkpt lat="52.51439" lon="4.77644"></trkpt><trkpt lat="52.51448" lon="4.77581"></trkpt><trkpt lat="52.51444" lon="4.77542"></trkpt><trkpt lat="52.51445" lon="4.77482"></trkpt><trkpt lat="52.51444" lon="4.77422"></trkpt><trkpt lat="52.51432" lon="4.77335"></trkpt><trkpt lat="52.51416" lon="4.77199"></trkpt><trkpt lat="52.51408" lon="4.77157"></trkpt><trkpt lat="52.51402" lon="4.77115"></trkpt><trkpt lat="52.51403" lon="4.77100"></trkpt><trkpt lat="52.51406" lon="4.77092"></trkpt><trkpt lat="52.51427" lon="4.77071"></trkpt><trkpt lat="52.51435" lon="4.77039"></trkpt><trkpt lat="52.51435" lon="4.77010"></trkpt><trkpt lat="52.51429" lon="4.76915"></trkpt><trkpt lat="52.51432" lon="4.76862"></trkpt><trkpt lat="52.51492" lon="4.76693"></trkpt><trkpt lat="52.51535" lon="4.76552"></trkpt><trkpt lat="52.51628" lon="4.76264"></trkpt><trkpt lat="52.51659" lon="4.76128"></trkpt><trkpt lat="52.51695" lon="4.76007"></trkpt><trkpt lat="52.51715" lon="4.75954"></trkpt><trkpt lat="52.51749" lon="4.75853"></trkpt><trkpt lat="52.51765" lon="4.75801"></trkpt><trkpt lat="52.51899" lon="4.75405"></trkpt><trkpt lat="52.51906" lon="4.75369"></trkpt><trkpt lat="52.51906" lon="4.75345"></trkpt><trkpt lat="52.51902" lon="4.75271"></trkpt><trkpt lat="52.51896" lon="4.75235"></trkpt><trkpt lat="52.51878" lon="4.75208"></trkpt><trkpt lat="52.51791" lon="4.75108"></trkpt><trkpt lat="52.51775" lon="4.75085"></trkpt><trkpt lat="52.51748" lon="4.75026"></trkpt><trkpt lat="52.51718" lon="4.74933"></trkpt><trkpt lat="52.51704" lon="4.74902"></trkpt><trkpt lat="52.51719" lon="4.74872"></trkpt><trkpt lat="52.51725" lon="4.74852"></trkpt><trkpt lat="52.51727" lon="4.74826"></trkpt><trkpt lat="52.51726" lon="4.74568"></trkpt><trkpt lat="52.51691" lon="4.74583"></trkpt><trkpt lat="52.51666" lon="4.74561"></trkpt><trkpt lat="52.51657" lon="4.74560"></trkpt><trkpt lat="52.51639" lon="4.74567"></trkpt><trkpt lat="52.51634" lon="4.74575"></trkpt><trkpt lat="52.51624" lon="4.74604"></trkpt><trkpt lat="52.51568" lon="4.74650"></trkpt><trkpt lat="52.51549" lon="4.74680"></trkpt><trkpt lat="52.51532" lon="4.74688"></trkpt><trkpt lat="52.51470" lon="4.74706"></trkpt><trkpt lat="52.51437" lon="4.74725"></trkpt><trkpt lat="52.51310" lon="4.74844"></trkpt><trkpt lat="52.51221" lon="4.74911"></trkpt><trkpt lat="52.51217" lon="4.74917"></trkpt><trkpt lat="52.51199" lon="4.74923"></trkpt><trkpt lat="52.51173" lon="4.74916"></trkpt><trkpt lat="52.51038" lon="4.74847"></trkpt><trkpt lat="52.51013" lon="4.74837"></trkpt><trkpt lat="52.50935" lon="4.74848"></trkpt><trkpt lat="52.50907" lon="4.74846"></trkpt><trkpt lat="52.50889" lon="4.74841"></trkpt><trkpt lat="52.50861" lon="4.74816"></trkpt><trkpt lat="52.50839" lon="4.74792"></trkpt><trkpt lat="52.50831" lon="4.74778"></trkpt><trkpt lat="52.50828" lon="4.74765"></trkpt><trkpt lat="52.50826" lon="4.74732"></trkpt><trkpt lat="52.50820" lon="4.74706"></trkpt><trkpt lat="52.50794" lon="4.74618"></trkpt><trkpt lat="52.50770" lon="4.74567"></trkpt><trkpt lat="52.50750" lon="4.74549"></trkpt><trkpt lat="52.50706" lon="4.74522"></trkpt><trkpt lat="52.50661" lon="4.74500"></trkpt><trkpt lat="52.50637" lon="4.74501"></trkpt><trkpt lat="52.50616" lon="4.74486"></trkpt><trkpt lat="52.50607" lon="4.74473"></trkpt><trkpt lat="52.50556" lon="4.74360"></trkpt><trkpt lat="52.50527" lon="4.74300"></trkpt><trkpt lat="52.50521" lon="4.74293"></trkpt><trkpt lat="52.50460" lon="4.74265"></trkpt><trkpt lat="52.50420" lon="4.74241"></trkpt><trkpt lat="52.50392" lon="4.74222"></trkpt><trkpt lat="52.50370" lon="4.74189"></trkpt><trkpt lat="52.50266" lon="4.73973"></trkpt><trkpt lat="52.50247" lon="4.73961"></trkpt><trkpt lat="52.50225" lon="4.73929"></trkpt><trkpt lat="52.50239" lon="4.73901"></trkpt><trkpt lat="52.50215" lon="4.73847"></trkpt><trkpt lat="52.50134" lon="4.73679"></trkpt><trkpt lat="52.49983" lon="4.73385"></trkpt><trkpt lat="52.49957" lon="4.73352"></trkpt><trkpt lat="52.49951" lon="4.73336"></trkpt><trkpt lat="52.49939" lon="4.73248"></trkpt><trkpt lat="52.49941" lon="4.73227"></trkpt><trkpt lat="52.49957" lon="4.73169"></trkpt><trkpt lat="52.49954" lon="4.73137"></trkpt><trkpt lat="52.49939" lon="4.73091"></trkpt><trkpt lat="52.49917" lon="4.73053"></trkpt><trkpt lat="52.49906" lon="4.73001"></trkpt><trkpt lat="52.49896" lon="4.72972"></trkpt><trkpt lat="52.49884" lon="4.72949"></trkpt><trkpt lat="52.49856" lon="4.72909"></trkpt><trkpt lat="52.49812" lon="4.72833"></trkpt><trkpt lat="52.49780" lon="4.72783"></trkpt><trkpt lat="52.49771" lon="4.72766"></trkpt><trkpt lat="52.49754" lon="4.72749"></trkpt><trkpt lat="52.49733" lon="4.72741"></trkpt><trkpt lat="52.49713" lon="4.72756"></trkpt><trkpt lat="52.49708" lon="4.72756"></trkpt><trkpt lat="52.49696" lon="4.72749"></trkpt><trkpt lat="52.49648" lon="4.72696"></trkpt><trkpt lat="52.49642" lon="4.72685"></trkpt><trkpt lat="52.49638" lon="4.72672"></trkpt><trkpt lat="52.49628" lon="4.72560"></trkpt><trkpt lat="52.49620" lon="4.72409"></trkpt><trkpt lat="52.49620" lon="4.72336"></trkpt><trkpt lat="52.49615" lon="4.72314"></trkpt><trkpt lat="52.49609" lon="4.72296"></trkpt><trkpt lat="52.49607" lon="4.72282"></trkpt><trkpt lat="52.49608" lon="4.72241"></trkpt><trkpt lat="52.49602" lon="4.72201"></trkpt><trkpt lat="52.49597" lon="4.72145"></trkpt><trkpt lat="52.49586" lon="4.72085"></trkpt><trkpt lat="52.49575" lon="4.71938"></trkpt><trkpt lat="52.49577" lon="4.71902"></trkpt><trkpt lat="52.49587" lon="4.71864"></trkpt><trkpt lat="52.49607" lon="4.71815"></trkpt><trkpt lat="52.49622" lon="4.71735"></trkpt><trkpt lat="52.49628" lon="4.71715"></trkpt><trkpt lat="52.49680" lon="4.71621"></trkpt><trkpt lat="52.49692" lon="4.71610"></trkpt><trkpt lat="52.49781" lon="4.71561"></trkpt><trkpt lat="52.49797" lon="4.71545"></trkpt><trkpt lat="52.49884" lon="4.71431"></trkpt><trkpt lat="52.49892" lon="4.71413"></trkpt><trkpt lat="52.49903" lon="4.71379"></trkpt><trkpt lat="52.49914" lon="4.71318"></trkpt><trkpt lat="52.49914" lon="4.71271"></trkpt><trkpt lat="52.49910" lon="4.71246"></trkpt><trkpt lat="52.49901" lon="4.71210"></trkpt><trkpt lat="52.49891" lon="4.71179"></trkpt><trkpt lat="52.49870" lon="4.71094"></trkpt><trkpt lat="52.49860" lon="4.71060"></trkpt><trkpt lat="52.49851" lon="4.71007"></trkpt><trkpt lat="52.49841" lon="4.70973"></trkpt><trkpt lat="52.49833" lon="4.70954"></trkpt><trkpt lat="52.49822" lon="4.70947"></trkpt><trkpt lat="52.49806" lon="4.70942"></trkpt><trkpt lat="52.49788" lon="4.70933"></trkpt><trkpt lat="52.49779" lon="4.70920"></trkpt><trkpt lat="52.49776" lon="4.70911"></trkpt><trkpt lat="52.49775" lon="4.70898"></trkpt><trkpt lat="52.49780" lon="4.70841"></trkpt><trkpt lat="52.49775" lon="4.70825"></trkpt><trkpt lat="52.49638" lon="4.70567"></trkpt><trkpt lat="52.49607" lon="4.70541"></trkpt><trkpt lat="52.49583" lon="4.70508"></trkpt><trkpt lat="52.49530" lon="4.70396"></trkpt><trkpt lat="52.49498" lon="4.70339"></trkpt><trkpt lat="52.49462" lon="4.70261"></trkpt><trkpt lat="52.49338" lon="4.70157"></trkpt><trkpt lat="52.49288" lon="4.70126"></trkpt><trkpt lat="52.49276" lon="4.70113"></trkpt><trkpt lat="52.49251" lon="4.70066"></trkpt><trkpt lat="52.49230" lon="4.70047"></trkpt><trkpt lat="52.49221" lon="4.70036"></trkpt><trkpt lat="52.49210" lon="4.70014"></trkpt><trkpt lat="52.49181" lon="4.69982"></trkpt><trkpt lat="52.49139" lon="4.69957"></trkpt><trkpt lat="52.49122" lon="4.69953"></trkpt><trkpt lat="52.49012" lon="4.69958"></trkpt><trkpt lat="52.48996" lon="4.69960"></trkpt><trkpt lat="52.48977" lon="4.69953"></trkpt><trkpt lat="52.48947" lon="4.69925"></trkpt><trkpt lat="52.48891" lon="4.69885"></trkpt><trkpt lat="52.48824" lon="4.69815"></trkpt><trkpt lat="52.48778" lon="4.69775"></trkpt><trkpt lat="52.48741" lon="4.69752"></trkpt><trkpt lat="52.48695" lon="4.69741"></trkpt><trkpt lat="52.48651" lon="4.69740"></trkpt><trkpt lat="52.48581" lon="4.69726"></trkpt><trkpt lat="52.48553" lon="4.69712"></trkpt><trkpt lat="52.48528" lon="4.69704"></trkpt><trkpt lat="52.48497" lon="4.69687"></trkpt><trkpt lat="52.48431" lon="4.69632"></trkpt><trkpt lat="52.48423" lon="4.69614"></trkpt><trkpt lat="52.48421" lon="4.69575"></trkpt><trkpt lat="52.48416" lon="4.69552"></trkpt><trkpt lat="52.48397" lon="4.69504"></trkpt><trkpt lat="52.48390" lon="4.69481"></trkpt><trkpt lat="52.48387" lon="4.69432"></trkpt><trkpt lat="52.48379" lon="4.69406"></trkpt><trkpt lat="52.48372" lon="4.69392"></trkpt><trkpt lat="52.48361" lon="4.69385"></trkpt><trkpt lat="52.48330" lon="4.69394"></trkpt><trkpt lat="52.48321" lon="4.69388"></trkpt><trkpt lat="52.48315" lon="4.69378"></trkpt><trkpt lat="52.48299" lon="4.69327"></trkpt><trkpt lat="52.48291" lon="4.69317"></trkpt><trkpt lat="52.48253" lon="4.69292"></trkpt><trkpt lat="52.48237" lon="4.69285"></trkpt><trkpt lat="52.48216" lon="4.69287"></trkpt><trkpt lat="52.48212" lon="4.69285"></trkpt><trkpt lat="52.48187" lon="4.69264"></trkpt><trkpt lat="52.48157" lon="4.69250"></trkpt><trkpt lat="52.48147" lon="4.69232"></trkpt><trkpt lat="52.48136" lon="4.69183"></trkpt><trkpt lat="52.48105" lon="4.69111"></trkpt><trkpt lat="52.48100" lon="4.69082"></trkpt><trkpt lat="52.48095" lon="4.69071"></trkpt><trkpt lat="52.48081" lon="4.69049"></trkpt><trkpt lat="52.48072" lon="4.69021"></trkpt><trkpt lat="52.48079" lon="4.68969"></trkpt><trkpt lat="52.48077" lon="4.68954"></trkpt><trkpt lat="52.48073" lon="4.68946"></trkpt><trkpt lat="52.48048" lon="4.68931"></trkpt><trkpt lat="52.48011" lon="4.68877"></trkpt><trkpt lat="52.47959" lon="4.68838"></trkpt><trkpt lat="52.47949" lon="4.68852"></trkpt><trkpt lat="52.47945" lon="4.68853"></trkpt><trkpt lat="52.47937" lon="4.68845"></trkpt><trkpt lat="52.47918" lon="4.68799"></trkpt><trkpt lat="52.47908" lon="4.68780"></trkpt><trkpt lat="52.47854" lon="4.68736"></trkpt><trkpt lat="52.47774" lon="4.68675"></trkpt><trkpt lat="52.47630" lon="4.68554"></trkpt><trkpt lat="52.47521" lon="4.68454"></trkpt><trkpt lat="52.47515" lon="4.68451"></trkpt><trkpt lat="52.47502" lon="4.68466"></trkpt><trkpt lat="52.47485" lon="4.68500"></trkpt><trkpt lat="52.47418" lon="4.68577"></trkpt><trkpt lat="52.47410" lon="4.68583"></trkpt><trkpt lat="52.47391" lon="4.68570"></trkpt><trkpt lat="52.47375" lon="4.68545"></trkpt><trkpt lat="52.47357" lon="4.68501"></trkpt><trkpt lat="52.47297" lon="4.68426"></trkpt><trkpt lat="52.47282" lon="4.68405"></trkpt><trkpt lat="52.47256" lon="4.68357"></trkpt><trkpt lat="52.47251" lon="4.68352"></trkpt><trkpt lat="52.47190" lon="4.68340"></trkpt><trkpt lat="52.46809" lon="4.68274"></trkpt><trkpt lat="52.46325" lon="4.68326"></trkpt><trkpt lat="52.45638" lon="4.68403"></trkpt><trkpt lat="52.45249" lon="4.68444"></trkpt><trkpt lat="52.45237" lon="4.68441"></trkpt><trkpt lat="52.44848" lon="4.69160"></trkpt><trkpt lat="52.44127" lon="4.70599"></trkpt><trkpt lat="52.44076" lon="4.70698"></trkpt><trkpt lat="52.44059" lon="4.70744"></trkpt><trkpt lat="52.44013" lon="4.70901"></trkpt><trkpt lat="52.43988" lon="4.70978"></trkpt><trkpt lat="52.43899" lon="4.71140"></trkpt><trkpt lat="52.43861" lon="4.71247"></trkpt><trkpt lat="52.43766" lon="4.71564"></trkpt><trkpt lat="52.43657" lon="4.72080"></trkpt><trkpt lat="52.43612" lon="4.72401"></trkpt><trkpt lat="52.43612" lon="4.72430"></trkpt><trkpt lat="52.43614" lon="4.72452"></trkpt><trkpt lat="52.43635" lon="4.72551"></trkpt><trkpt lat="52.43633" lon="4.72570"></trkpt><trkpt lat="52.43615" lon="4.72576"></trkpt><trkpt lat="52.43614" lon="4.72583"></trkpt><trkpt lat="52.43615" lon="4.72605"></trkpt><trkpt lat="52.43607" lon="4.72634"></trkpt><trkpt lat="52.43592" lon="4.72640"></trkpt><trkpt lat="52.43585" lon="4.72645"></trkpt><trkpt lat="52.43567" lon="4.72626"></trkpt><trkpt lat="52.43563" lon="4.72612"></trkpt><trkpt lat="52.43556" lon="4.72597"></trkpt><trkpt lat="52.43540" lon="4.72580"></trkpt><trkpt lat="52.43534" lon="4.72575"></trkpt><trkpt lat="52.43503" lon="4.72565"></trkpt><trkpt lat="52.43492" lon="4.72546"></trkpt><trkpt lat="52.43485" lon="4.72543"></trkpt><trkpt lat="52.43487" lon="4.72525"></trkpt><trkpt lat="52.43467" lon="4.72518"></trkpt><trkpt lat="52.43462" lon="4.72527"></trkpt><trkpt lat="52.43158" lon="4.72451"></trkpt><trkpt lat="52.43150" lon="4.72461"></trkpt><trkpt lat="52.43136" lon="4.72456"></trkpt><trkpt lat="52.43134" lon="4.72474"></trkpt><trkpt lat="52.43121" lon="4.72469"></trkpt><trkpt lat="52.43116" lon="4.72470"></trkpt><trkpt lat="52.43105" lon="4.72491"></trkpt><trkpt lat="52.43093" lon="4.72500"></trkpt><trkpt lat="52.43080" lon="4.72446"></trkpt><trkpt lat="52.43068" lon="4.72424"></trkpt><trkpt lat="52.43060" lon="4.72382"></trkpt><trkpt lat="52.43051" lon="4.72323"></trkpt><trkpt lat="52.43049" lon="4.72260"></trkpt><trkpt lat="52.43053" lon="4.72195"></trkpt><trkpt lat="52.43065" lon="4.72124"></trkpt><trkpt lat="52.43080" lon="4.72072"></trkpt><trkpt lat="52.43110" lon="4.71992"></trkpt><trkpt lat="52.43256" lon="4.71681"></trkpt><trkpt lat="52.43283" lon="4.71613"></trkpt><trkpt lat="52.43293" lon="4.71627"></trkpt><trkpt lat="52.43293" lon="4.71646"></trkpt><trkpt lat="52.43236" lon="4.71795"></trkpt><trkpt lat="52.43228" lon="4.71811"></trkpt><trkpt lat="52.43219" lon="4.71816"></trkpt><trkpt lat="52.43208" lon="4.71807"></trkpt><trkpt lat="52.43182" lon="4.71759"></trkpt><trkpt lat="52.43180" lon="4.71735"></trkpt><trkpt lat="52.43188" lon="4.71707"></trkpt><trkpt lat="52.43188" lon="4.71688"></trkpt><trkpt lat="52.43183" lon="4.71671"></trkpt><trkpt lat="52.43173" lon="4.71651"></trkpt><trkpt lat="52.43088" lon="4.71502"></trkpt><trkpt lat="52.43076" lon="4.71470"></trkpt><trkpt lat="52.43070" lon="4.71436"></trkpt><trkpt lat="52.43069" lon="4.71421"></trkpt><trkpt lat="52.43083" lon="4.71268"></trkpt><trkpt lat="52.43081" lon="4.71235"></trkpt><trkpt lat="52.43101" lon="4.71226"></trkpt><trkpt lat="52.43227" lon="4.71190"></trkpt><trkpt lat="52.43234" lon="4.71177"></trkpt><trkpt lat="52.43266" lon="4.71089"></trkpt><trkpt lat="52.43297" lon="4.71024"></trkpt><trkpt lat="52.43369" lon="4.70838"></trkpt><trkpt lat="52.43376" lon="4.70818"></trkpt><trkpt lat="52.43383" lon="4.70781"></trkpt><trkpt lat="52.43415" lon="4.70722"></trkpt><trkpt lat="52.43406" lon="4.70708"></trkpt><trkpt lat="52.43396" lon="4.70682"></trkpt><trkpt lat="52.43390" lon="4.70660"></trkpt><trkpt lat="52.43377" lon="4.70593"></trkpt><trkpt lat="52.43375" lon="4.70512"></trkpt><trkpt lat="52.43372" lon="4.70468"></trkpt><trkpt lat="52.43366" lon="4.70443"></trkpt><trkpt lat="52.43306" lon="4.70315"></trkpt><trkpt lat="52.43294" lon="4.70295"></trkpt><trkpt lat="52.43275" lon="4.70272"></trkpt><trkpt lat="52.43240" lon="4.70249"></trkpt><trkpt lat="52.43198" lon="4.70224"></trkpt><trkpt lat="52.43167" lon="4.70197"></trkpt><trkpt lat="52.43148" lon="4.70168"></trkpt><trkpt lat="52.43083" lon="4.70007"></trkpt><trkpt lat="52.43064" lon="4.69980"></trkpt><trkpt lat="52.43031" lon="4.69941"></trkpt><trkpt lat="52.43007" lon="4.69905"></trkpt><trkpt lat="52.42935" lon="4.69748"></trkpt><trkpt lat="52.42930" lon="4.69741"></trkpt><trkpt lat="52.42890" lon="4.69709"></trkpt><trkpt lat="52.42860" lon="4.69674"></trkpt><trkpt lat="52.42845" lon="4.69651"></trkpt><trkpt lat="52.42829" lon="4.69607"></trkpt><trkpt lat="52.42789" lon="4.69483"></trkpt><trkpt lat="52.42777" lon="4.69458"></trkpt><trkpt lat="52.42751" lon="4.69422"></trkpt><trkpt lat="52.42706" lon="4.69384"></trkpt><trkpt lat="52.42694" lon="4.69363"></trkpt><trkpt lat="52.42655" lon="4.69252"></trkpt><trkpt lat="52.42651" lon="4.69220"></trkpt><trkpt lat="52.42659" lon="4.69173"></trkpt><trkpt lat="52.42661" lon="4.69165"></trkpt><trkpt lat="52.42684" lon="4.69115"></trkpt><trkpt lat="52.42691" lon="4.69081"></trkpt><trkpt lat="52.42693" lon="4.69030"></trkpt><trkpt lat="52.42683" lon="4.68923"></trkpt><trkpt lat="52.42687" lon="4.68872"></trkpt><trkpt lat="52.42700" lon="4.68821"></trkpt><trkpt lat="52.42707" lon="4.68808"></trkpt><trkpt lat="52.42724" lon="4.68791"></trkpt><trkpt lat="52.42730" lon="4.68776"></trkpt><trkpt lat="52.42755" lon="4.68683"></trkpt><trkpt lat="52.42804" lon="4.68592"></trkpt><trkpt lat="52.42816" lon="4.68561"></trkpt><trkpt lat="52.42822" lon="4.68536"></trkpt><trkpt lat="52.42835" lon="4.68461"></trkpt><trkpt lat="52.42804" lon="4.68422"></trkpt><trkpt lat="52.42797" lon="4.68408"></trkpt><trkpt lat="52.42794" lon="4.68393"></trkpt><trkpt lat="52.42792" lon="4.68373"></trkpt><trkpt lat="52.42793" lon="4.68343"></trkpt><trkpt lat="52.42799" lon="4.68327"></trkpt><trkpt lat="52.42815" lon="4.68305"></trkpt><trkpt lat="52.42741" lon="4.68193"></trkpt><trkpt lat="52.42608" lon="4.68004"></trkpt><trkpt lat="52.42587" lon="4.67968"></trkpt><trkpt lat="52.42426" lon="4.68086"></trkpt><trkpt lat="52.42321" lon="4.68151"></trkpt><trkpt lat="52.42273" lon="4.68177"></trkpt><trkpt lat="52.42228" lon="4.68197"></trkpt><trkpt lat="52.42124" lon="4.68235"></trkpt><trkpt lat="52.41956" lon="4.68276"></trkpt><trkpt lat="52.41904" lon="4.68294"></trkpt><trkpt lat="52.41865" lon="4.68300"></trkpt><trkpt lat="52.41871" lon="4.68124"></trkpt><trkpt lat="52.41834" lon="4.68106"></trkpt><trkpt lat="52.41805" lon="4.68087"></trkpt><trkpt lat="52.41727" lon="4.68004"></trkpt><trkpt lat="52.41706" lon="4.67975"></trkpt><trkpt lat="52.41702" lon="4.67951"></trkpt><trkpt lat="52.41709" lon="4.67914"></trkpt><trkpt lat="52.41716" lon="4.67903"></trkpt><trkpt lat="52.41741" lon="4.67890"></trkpt><trkpt lat="52.41747" lon="4.67881"></trkpt><trkpt lat="52.41752" lon="4.67824"></trkpt><trkpt lat="52.41739" lon="4.67799"></trkpt><trkpt lat="52.41706" lon="4.67681"></trkpt><trkpt lat="52.41696" lon="4.67652"></trkpt><trkpt lat="52.41687" lon="4.67633"></trkpt><trkpt lat="52.41657" lon="4.67584"></trkpt><trkpt lat="52.41646" lon="4.67601"></trkpt><trkpt lat="52.41627" lon="4.67623"></trkpt><trkpt lat="52.41594" lon="4.67635"></trkpt><trkpt lat="52.41584" lon="4.67641"></trkpt><trkpt lat="52.41518" lon="4.67694"></trkpt><trkpt lat="52.41486" lon="4.67722"></trkpt><trkpt lat="52.41456" lon="4.67751"></trkpt><trkpt lat="52.41440" lon="4.67769"></trkpt><trkpt lat="52.41428" lon="4.67788"></trkpt><trkpt lat="52.41389" lon="4.67830"></trkpt><trkpt lat="52.41373" lon="4.67852"></trkpt><trkpt lat="52.41356" lon="4.67886"></trkpt><trkpt lat="52.41349" lon="4.67905"></trkpt><trkpt lat="52.41339" lon="4.67950"></trkpt><trkpt lat="52.41338" lon="4.67970"></trkpt><trkpt lat="52.41352" lon="4.68047"></trkpt><trkpt lat="52.41356" lon="4.68084"></trkpt><trkpt lat="52.41352" lon="4.68116"></trkpt><trkpt lat="52.41340" lon="4.68169"></trkpt><trkpt lat="52.41319" lon="4.68213"></trkpt><trkpt lat="52.41317" lon="4.68225"></trkpt><trkpt lat="52.41319" lon="4.68246"></trkpt><trkpt lat="52.41305" lon="4.68255"></trkpt><trkpt lat="52.41298" lon="4.68262"></trkpt><trkpt lat="52.41249" lon="4.68342"></trkpt><trkpt lat="52.41207" lon="4.68478"></trkpt><trkpt lat="52.41164" lon="4.68610"></trkpt><trkpt lat="52.41154" lon="4.68619"></trkpt><trkpt lat="52.41134" lon="4.68652"></trkpt><trkpt lat="52.41128" lon="4.68647"></trkpt><trkpt lat="52.41103" lon="4.68603"></trkpt><trkpt lat="52.41032" lon="4.68436"></trkpt><trkpt lat="52.40959" lon="4.68355"></trkpt><trkpt lat="52.40969" lon="4.68334"></trkpt><trkpt lat="52.40946" lon="4.68283"></trkpt><trkpt lat="52.40934" lon="4.68268"></trkpt><trkpt lat="52.40851" lon="4.68193"></trkpt><trkpt lat="52.40764" lon="4.68160"></trkpt><trkpt lat="52.40755" lon="4.68161"></trkpt><trkpt lat="52.40704" lon="4.68188"></trkpt><trkpt lat="52.40664" lon="4.68190"></trkpt><trkpt lat="52.40644" lon="4.68186"></trkpt><trkpt lat="52.40590" lon="4.68195"></trkpt><trkpt lat="52.40577" lon="4.68193"></trkpt><trkpt lat="52.40485" lon="4.68115"></trkpt><trkpt lat="52.40354" lon="4.68083"></trkpt><trkpt lat="52.40324" lon="4.68083"></trkpt><trkpt lat="52.40313" lon="4.68097"></trkpt><trkpt lat="52.40278" lon="4.68180"></trkpt><trkpt lat="52.40273" lon="4.68189"></trkpt><trkpt lat="52.40262" lon="4.68188"></trkpt><trkpt lat="52.40244" lon="4.68169"></trkpt><trkpt lat="52.40115" lon="4.68011"></trkpt><trkpt lat="52.39980" lon="4.68277"></trkpt><trkpt lat="52.39872" lon="4.68135"></trkpt><trkpt lat="52.39829" lon="4.68074"></trkpt><trkpt lat="52.39725" lon="4.67936"></trkpt><trkpt lat="52.39718" lon="4.67920"></trkpt><trkpt lat="52.39716" lon="4.67885"></trkpt><trkpt lat="52.39717" lon="4.67863"></trkpt><trkpt lat="52.39729" lon="4.67813"></trkpt><trkpt lat="52.39730" lon="4.67788"></trkpt><trkpt lat="52.39704" lon="4.67721"></trkpt><trkpt lat="52.39685" lon="4.67693"></trkpt><trkpt lat="52.39677" lon="4.67671"></trkpt><trkpt lat="52.39668" lon="4.67658"></trkpt><trkpt lat="52.39588" lon="4.67602"></trkpt><trkpt lat="52.39581" lon="4.67605"></trkpt><trkpt lat="52.39564" lon="4.67626"></trkpt><trkpt lat="52.39560" lon="4.67626"></trkpt><trkpt lat="52.39543" lon="4.67583"></trkpt><trkpt lat="52.39531" lon="4.67566"></trkpt><trkpt lat="52.39515" lon="4.67553"></trkpt><trkpt lat="52.39505" lon="4.67537"></trkpt><trkpt lat="52.39428" lon="4.67485"></trkpt><trkpt lat="52.39426" lon="4.67485"></trkpt><trkpt lat="52.39421" lon="4.67527"></trkpt><trkpt lat="52.39412" lon="4.67541"></trkpt><trkpt lat="52.39407" lon="4.67632"></trkpt><trkpt lat="52.39412" lon="4.67644"></trkpt><trkpt lat="52.39412" lon="4.67813"></trkpt><trkpt lat="52.39389" lon="4.67809"></trkpt><trkpt lat="52.39360" lon="4.67810"></trkpt><trkpt lat="52.39329" lon="4.67815"></trkpt><trkpt lat="52.39294" lon="4.67832"></trkpt><trkpt lat="52.39202" lon="4.67943"></trkpt><trkpt lat="52.39108" lon="4.68062"></trkpt><trkpt lat="52.39098" lon="4.68086"></trkpt><trkpt lat="52.39095" lon="4.68128"></trkpt><trkpt lat="52.39088" lon="4.68153"></trkpt><trkpt lat="52.39073" lon="4.68189"></trkpt><trkpt lat="52.39025" lon="4.68266"></trkpt><trkpt lat="52.38998" lon="4.68294"></trkpt><trkpt lat="52.38942" lon="4.68340"></trkpt><trkpt lat="52.38918" lon="4.68376"></trkpt><trkpt lat="52.38876" lon="4.68448"></trkpt><trkpt lat="52.38870" lon="4.68475"></trkpt><trkpt lat="52.38871" lon="4.68541"></trkpt><trkpt lat="52.38878" lon="4.68606"></trkpt><trkpt lat="52.38881" lon="4.68618"></trkpt><trkpt lat="52.38896" lon="4.68646"></trkpt><trkpt lat="52.38905" lon="4.68671"></trkpt><trkpt lat="52.38906" lon="4.68678"></trkpt><trkpt lat="52.38910" lon="4.68821"></trkpt><trkpt lat="52.38905" lon="4.68866"></trkpt><trkpt lat="52.38897" lon="4.68913"></trkpt><trkpt lat="52.38888" lon="4.68938"></trkpt><trkpt lat="52.38878" lon="4.68956"></trkpt><trkpt lat="52.38866" lon="4.68969"></trkpt><trkpt lat="52.38837" lon="4.68987"></trkpt><trkpt lat="52.38788" lon="4.69001"></trkpt><trkpt lat="52.38736" lon="4.69007"></trkpt><trkpt lat="52.38625" lon="4.68937"></trkpt><trkpt lat="52.38487" lon="4.68861"></trkpt><trkpt lat="52.38456" lon="4.68848"></trkpt><trkpt lat="52.38412" lon="4.68840"></trkpt><trkpt lat="52.38382" lon="4.68843"></trkpt><trkpt lat="52.38336" lon="4.68853"></trkpt><trkpt lat="52.38332" lon="4.68806"></trkpt><trkpt lat="52.38327" lon="4.68638"></trkpt><trkpt lat="52.38303" lon="4.68330"></trkpt><trkpt lat="52.38281" lon="4.68241"></trkpt><trkpt lat="52.38277" lon="4.68213"></trkpt><trkpt lat="52.38275" lon="4.68159"></trkpt><trkpt lat="52.38287" lon="4.68047"></trkpt><trkpt lat="52.38235" lon="4.68033"></trkpt><trkpt lat="52.38217" lon="4.68032"></trkpt><trkpt lat="52.38196" lon="4.68037"></trkpt><trkpt lat="52.38175" lon="4.68033"></trkpt><trkpt lat="52.38099" lon="4.67978"></trkpt><trkpt lat="52.38045" lon="4.67906"></trkpt><trkpt lat="52.37992" lon="4.67845"></trkpt><trkpt lat="52.37943" lon="4.67774"></trkpt><trkpt lat="52.37912" lon="4.67737"></trkpt><trkpt lat="52.37871" lon="4.67699"></trkpt><trkpt lat="52.37836" lon="4.67658"></trkpt><trkpt lat="52.37786" lon="4.67616"></trkpt><trkpt lat="52.37684" lon="4.67495"></trkpt><trkpt lat="52.37662" lon="4.67475"></trkpt><trkpt lat="52.37562" lon="4.67420"></trkpt><trkpt lat="52.37525" lon="4.67371"></trkpt><trkpt lat="52.37510" lon="4.67344"></trkpt><trkpt lat="52.37496" lon="4.67308"></trkpt><trkpt lat="52.37447" lon="4.67257"></trkpt><trkpt lat="52.37436" lon="4.67250"></trkpt><trkpt lat="52.37409" lon="4.67245"></trkpt><trkpt lat="52.37301" lon="4.67180"></trkpt><trkpt lat="52.37290" lon="4.67175"></trkpt><trkpt lat="52.37271" lon="4.67170"></trkpt><trkpt lat="52.37231" lon="4.67151"></trkpt><trkpt lat="52.37164" lon="4.67131"></trkpt><trkpt lat="52.37156" lon="4.67121"></trkpt><trkpt lat="52.37110" lon="4.67117"></trkpt><trkpt lat="52.37109" lon="4.67126"></trkpt><trkpt lat="52.37050" lon="4.67138"></trkpt><trkpt lat="52.36990" lon="4.67141"></trkpt><trkpt lat="52.36806" lon="4.67202"></trkpt><trkpt lat="52.36799" lon="4.67201"></trkpt><trkpt lat="52.36791" lon="4.67195"></trkpt><trkpt lat="52.36782" lon="4.67171"></trkpt><trkpt lat="52.36773" lon="4.67099"></trkpt><trkpt lat="52.36770" lon="4.66960"></trkpt><trkpt lat="52.36770" lon="4.66629"></trkpt><trkpt lat="52.36767" lon="4.66613"></trkpt><trkpt lat="52.36677" lon="4.66636"></trkpt><trkpt lat="52.36673" lon="4.66638"></trkpt><trkpt lat="52.36425" lon="4.66694"></trkpt><trkpt lat="52.36205" lon="4.66749"></trkpt><trkpt lat="52.36074" lon="4.66780"></trkpt><trkpt lat="52.36072" lon="4.66796"></trkpt><trkpt lat="52.36059" lon="4.66838"></trkpt><trkpt lat="52.36033" lon="4.66888"></trkpt><trkpt lat="52.35996" lon="4.66930"></trkpt><trkpt lat="52.35974" lon="4.66942"></trkpt><trkpt lat="52.35947" lon="4.66952"></trkpt><trkpt lat="52.35754" lon="4.66958"></trkpt><trkpt lat="52.35649" lon="4.66981"></trkpt><trkpt lat="52.35568" lon="4.67017"></trkpt><trkpt lat="52.35574" lon="4.67063"></trkpt><trkpt lat="52.35608" lon="4.67280"></trkpt><trkpt lat="52.35610" lon="4.67310"></trkpt><trkpt lat="52.35606" lon="4.67324"></trkpt><trkpt lat="52.35599" lon="4.67341"></trkpt><trkpt lat="52.35577" lon="4.67376"></trkpt><trkpt lat="52.35413" lon="4.67593"></trkpt><trkpt lat="52.35402" lon="4.67613"></trkpt><trkpt lat="52.35390" lon="4.67692"></trkpt><trkpt lat="52.35350" lon="4.67676"></trkpt><trkpt lat="52.35269" lon="4.67622"></trkpt><trkpt lat="52.35241" lon="4.67600"></trkpt><trkpt lat="52.35177" lon="4.67534"></trkpt><trkpt lat="52.35107" lon="4.67448"></trkpt><trkpt lat="52.35083" lon="4.67408"></trkpt><trkpt lat="52.35051" lon="4.67341"></trkpt><trkpt lat="52.34942" lon="4.67096"></trkpt><trkpt lat="52.34932" lon="4.67105"></trkpt><trkpt lat="52.34894" lon="4.67130"></trkpt><trkpt lat="52.34856" lon="4.67147"></trkpt><trkpt lat="52.34814" lon="4.67158"></trkpt><trkpt lat="52.34704" lon="4.67169"></trkpt><trkpt lat="52.34647" lon="4.67173"></trkpt><trkpt lat="52.34632" lon="4.67166"></trkpt><trkpt lat="52.34627" lon="4.67169"></trkpt><trkpt lat="52.34626" lon="4.67175"></trkpt><trkpt lat="52.34621" lon="4.67180"></trkpt><trkpt lat="52.34606" lon="4.67185"></trkpt><trkpt lat="52.34590" lon="4.67194"></trkpt><trkpt lat="52.34525" lon="4.67213"></trkpt><trkpt lat="52.34508" lon="4.67224"></trkpt><trkpt lat="52.34457" lon="4.67238"></trkpt><trkpt lat="52.34436" lon="4.67237"></trkpt><trkpt lat="52.34355" lon="4.67260"></trkpt><trkpt lat="52.34323" lon="4.67277"></trkpt><trkpt lat="52.34246" lon="4.67299"></trkpt><trkpt lat="52.34213" lon="4.67300"></trkpt><trkpt lat="52.34190" lon="4.67308"></trkpt><trkpt lat="52.33951" lon="4.67374"></trkpt><trkpt lat="52.33842" lon="4.67387"></trkpt><trkpt lat="52.33806" lon="4.67397"></trkpt><trkpt lat="52.33777" lon="4.67401"></trkpt><trkpt lat="52.33624" lon="4.67448"></trkpt><trkpt lat="52.33456" lon="4.67496"></trkpt><trkpt lat="52.33350" lon="4.67512"></trkpt><trkpt lat="52.33306" lon="4.67515"></trkpt><trkpt lat="52.32400" lon="4.67774"></trkpt><trkpt lat="52.32392" lon="4.67768"></trkpt><trkpt lat="52.32378" lon="4.67746"></trkpt><trkpt lat="52.32371" lon="4.67741"></trkpt><trkpt lat="52.32359" lon="4.67737"></trkpt><trkpt lat="52.32352" lon="4.67740"></trkpt><trkpt lat="52.32345" lon="4.67753"></trkpt><trkpt lat="52.32327" lon="4.67801"></trkpt><trkpt lat="52.32318" lon="4.67819"></trkpt><trkpt lat="52.32298" lon="4.67844"></trkpt><trkpt lat="52.31807" lon="4.68027"></trkpt><trkpt lat="52.31711" lon="4.68064"></trkpt><trkpt lat="52.31654" lon="4.68088"></trkpt><trkpt lat="52.31631" lon="4.68094"></trkpt><trkpt lat="52.31435" lon="4.68165"></trkpt><trkpt lat="52.31409" lon="4.68138"></trkpt><trkpt lat="52.31220" lon="4.68208"></trkpt><trkpt lat="52.31216" lon="4.68205"></trkpt><trkpt lat="52.31196" lon="4.68204"></trkpt><trkpt lat="52.31194" lon="4.68196"></trkpt><trkpt lat="52.31190" lon="4.68194"></trkpt><trkpt lat="52.31128" lon="4.68223"></trkpt><trkpt lat="52.31122" lon="4.68222"></trkpt><trkpt lat="52.31110" lon="4.68206"></trkpt><trkpt lat="52.31107" lon="4.68210"></trkpt><trkpt lat="52.31027" lon="4.68242"></trkpt><trkpt lat="52.31016" lon="4.68261"></trkpt><trkpt lat="52.31003" lon="4.68267"></trkpt><trkpt lat="52.30991" lon="4.68280"></trkpt><trkpt lat="52.30990" lon="4.68283"></trkpt><trkpt lat="52.30980" lon="4.68295"></trkpt><trkpt lat="52.30701" lon="4.68403"></trkpt><trkpt lat="52.30689" lon="4.68413"></trkpt><trkpt lat="52.30682" lon="4.68414"></trkpt><trkpt lat="52.30670" lon="4.68412"></trkpt><trkpt lat="52.30436" lon="4.68501"></trkpt><trkpt lat="52.30307" lon="4.68510"></trkpt><trkpt lat="52.30278" lon="4.68551"></trkpt><trkpt lat="52.30255" lon="4.68579"></trkpt><trkpt lat="52.30233" lon="4.68612"></trkpt><trkpt lat="52.30226" lon="4.68626"></trkpt><trkpt lat="52.30222" lon="4.68640"></trkpt><trkpt lat="52.30204" lon="4.68676"></trkpt><trkpt lat="52.30187" lon="4.68702"></trkpt><trkpt lat="52.30148" lon="4.68645"></trkpt><trkpt lat="52.30110" lon="4.68721"></trkpt><trkpt lat="52.30040" lon="4.68847"></trkpt><trkpt lat="52.29976" lon="4.68922"></trkpt><trkpt lat="52.29944" lon="4.68973"></trkpt><trkpt lat="52.29936" lon="4.68982"></trkpt><trkpt lat="52.29917" lon="4.68990"></trkpt><trkpt lat="52.29906" lon="4.68999"></trkpt><trkpt lat="52.29825" lon="4.69091"></trkpt><trkpt lat="52.29794" lon="4.69130"></trkpt><trkpt lat="52.29787" lon="4.69142"></trkpt><trkpt lat="52.29746" lon="4.69081"></trkpt><trkpt lat="52.29735" lon="4.69100"></trkpt><trkpt lat="52.29717" lon="4.69100"></trkpt><trkpt lat="52.29688" lon="4.69146"></trkpt><trkpt lat="52.29635" lon="4.69208"></trkpt><trkpt lat="52.29539" lon="4.69314"></trkpt><trkpt lat="52.29482" lon="4.69381"></trkpt><trkpt lat="52.29386" lon="4.69489"></trkpt><trkpt lat="52.29362" lon="4.69521"></trkpt><trkpt lat="52.29360" lon="4.69533"></trkpt><trkpt lat="52.29360" lon="4.69561"></trkpt><trkpt lat="52.29343" lon="4.69568"></trkpt><trkpt lat="52.29314" lon="4.69599"></trkpt><trkpt lat="52.29273" lon="4.69647"></trkpt><trkpt lat="52.29263" lon="4.69661"></trkpt><trkpt lat="52.29261" lon="4.69667"></trkpt><trkpt lat="52.29261" lon="4.69680"></trkpt><trkpt lat="52.29264" lon="4.69691"></trkpt><trkpt lat="52.29298" lon="4.69772"></trkpt><trkpt lat="52.29300" lon="4.69798"></trkpt><trkpt lat="52.29199" lon="4.69972"></trkpt><trkpt lat="52.29184" lon="4.70000"></trkpt><trkpt lat="52.29179" lon="4.70018"></trkpt><trkpt lat="52.29157" lon="4.70010"></trkpt><trkpt lat="52.29142" lon="4.70011"></trkpt><trkpt lat="52.29113" lon="4.70065"></trkpt><trkpt lat="52.29048" lon="4.69971"></trkpt><trkpt lat="52.28613" lon="4.70458"></trkpt><trkpt lat="52.28529" lon="4.70619"></trkpt><trkpt lat="52.28508" lon="4.70653"></trkpt><trkpt lat="52.28369" lon="4.70914"></trkpt><trkpt lat="52.28074" lon="4.71458"></trkpt><trkpt lat="52.28074" lon="4.71467"></trkpt><trkpt lat="52.28085" lon="4.71483"></trkpt><trkpt lat="52.28095" lon="4.71486"></trkpt><trkpt lat="52.28101" lon="4.71484"></trkpt><trkpt lat="52.28106" lon="4.71478"></trkpt><trkpt lat="52.28141" lon="4.71414"></trkpt><trkpt lat="52.28125" lon="4.71392"></trkpt><trkpt lat="52.27953" lon="4.71712"></trkpt><trkpt lat="52.27967" lon="4.71733"></trkpt><trkpt lat="52.27981" lon="4.71710"></trkpt><trkpt lat="52.28001" lon="4.71670"></trkpt><trkpt lat="52.28002" lon="4.71651"></trkpt><trkpt lat="52.27996" lon="4.71634"></trkpt><trkpt lat="52.27986" lon="4.71623"></trkpt><trkpt lat="52.27982" lon="4.71625"></trkpt><trkpt lat="52.27872" lon="4.71832"></trkpt><trkpt lat="52.27350" lon="4.72799"></trkpt><trkpt lat="52.27345" lon="4.72801"></trkpt><trkpt lat="52.27328" lon="4.72782"></trkpt><trkpt lat="52.27046" lon="4.73305"></trkpt><trkpt lat="52.27017" lon="4.73289"></trkpt><trkpt lat="52.27007" lon="4.73287"></trkpt><trkpt lat="52.26883" lon="4.73268"></trkpt><trkpt lat="52.26799" lon="4.73263"></trkpt><trkpt lat="52.26790" lon="4.73269"></trkpt><trkpt lat="52.26782" lon="4.73279"></trkpt><trkpt lat="52.26700" lon="4.73431"></trkpt><trkpt lat="52.26692" lon="4.73441"></trkpt><trkpt lat="52.26715" lon="4.73528"></trkpt><trkpt lat="52.26754" lon="4.73710"></trkpt><trkpt lat="52.26759" lon="4.73749"></trkpt><trkpt lat="52.26775" lon="4.73821"></trkpt><trkpt lat="52.26796" lon="4.73894"></trkpt><trkpt lat="52.26804" lon="4.73914"></trkpt><trkpt lat="52.26864" lon="4.74039"></trkpt><trkpt lat="52.27009" lon="4.74328"></trkpt><trkpt lat="52.27054" lon="4.74377"></trkpt><trkpt lat="52.27104" lon="4.74423"></trkpt><trkpt lat="52.27152" lon="4.74474"></trkpt><trkpt lat="52.27196" lon="4.74525"></trkpt><trkpt lat="52.27219" lon="4.74562"></trkpt><trkpt lat="52.27240" lon="4.74600"></trkpt><trkpt lat="52.27260" lon="4.74645"></trkpt><trkpt lat="52.27377" lon="4.75010"></trkpt><trkpt lat="52.27368" lon="4.75019"></trkpt><trkpt lat="52.27367" lon="4.75024"></trkpt><trkpt lat="52.27388" lon="4.75136"></trkpt><trkpt lat="52.27393" lon="4.75170"></trkpt><trkpt lat="52.27397" lon="4.75174"></trkpt><trkpt lat="52.27404" lon="4.75172"></trkpt><trkpt lat="52.27405" lon="4.75114"></trkpt><trkpt lat="52.27388" lon="4.75117"></trkpt><trkpt lat="52.27266" lon="4.75178"></trkpt><trkpt lat="52.27219" lon="4.75213"></trkpt><trkpt lat="52.27203" lon="4.75232"></trkpt><trkpt lat="52.27189" lon="4.75239"></trkpt><trkpt lat="52.27173" lon="4.75256"></trkpt><trkpt lat="52.27006" lon="4.75415"></trkpt><trkpt lat="52.26974" lon="4.75438"></trkpt><trkpt lat="52.26952" lon="4.75450"></trkpt><trkpt lat="52.26950" lon="4.75436"></trkpt><trkpt lat="52.26941" lon="4.75413"></trkpt><trkpt lat="52.26932" lon="4.75404"></trkpt><trkpt lat="52.26920" lon="4.75404"></trkpt><trkpt lat="52.26901" lon="4.75374"></trkpt><trkpt lat="52.26870" lon="4.75306"></trkpt><trkpt lat="52.26845" lon="4.75231"></trkpt><trkpt lat="52.26822" lon="4.75186"></trkpt><trkpt lat="52.26817" lon="4.75181"></trkpt><trkpt lat="52.26803" lon="4.75145"></trkpt><trkpt lat="52.26754" lon="4.75031"></trkpt><trkpt lat="52.26733" lon="4.74988"></trkpt><trkpt lat="52.26697" lon="4.74898"></trkpt><trkpt lat="52.26689" lon="4.74888"></trkpt><trkpt lat="52.26651" lon="4.74918"></trkpt><trkpt lat="52.26626" lon="4.74940"></trkpt><trkpt lat="52.26569" lon="4.74996"></trkpt><trkpt lat="52.26494" lon="4.75065"></trkpt><trkpt lat="52.26415" lon="4.75147"></trkpt><trkpt lat="52.26095" lon="4.75448"></trkpt><trkpt lat="52.26022" lon="4.75512"></trkpt><trkpt lat="52.25988" lon="4.75549"></trkpt><trkpt lat="52.25966" lon="4.75556"></trkpt><trkpt lat="52.25957" lon="4.75561"></trkpt><trkpt lat="52.25806" lon="4.75701"></trkpt><trkpt lat="52.25785" lon="4.75712"></trkpt><trkpt lat="52.25722" lon="4.75731"></trkpt><trkpt lat="52.25696" lon="4.75737"></trkpt><trkpt lat="52.25673" lon="4.75735"></trkpt><trkpt lat="52.25650" lon="4.75740"></trkpt><trkpt lat="52.25638" lon="4.75747"></trkpt><trkpt lat="52.25617" lon="4.75765"></trkpt><trkpt lat="52.25591" lon="4.75770"></trkpt><trkpt lat="52.25570" lon="4.75776"></trkpt><trkpt lat="52.25563" lon="4.75782"></trkpt><trkpt lat="52.25507" lon="4.75796"></trkpt><trkpt lat="52.25496" lon="4.75796"></trkpt><trkpt lat="52.25478" lon="4.75799"></trkpt><trkpt lat="52.25295" lon="4.75839"></trkpt><trkpt lat="52.25282" lon="4.75834"></trkpt><trkpt lat="52.25271" lon="4.75835"></trkpt><trkpt lat="52.25220" lon="4.75848"></trkpt><trkpt lat="52.25212" lon="4.75857"></trkpt><trkpt lat="52.25135" lon="4.75876"></trkpt><trkpt lat="52.25111" lon="4.75884"></trkpt><trkpt lat="52.25103" lon="4.75891"></trkpt><trkpt lat="52.25095" lon="4.75906"></trkpt><trkpt lat="52.25086" lon="4.75937"></trkpt><trkpt lat="52.25084" lon="4.76019"></trkpt><trkpt lat="52.24956" lon="4.76819"></trkpt><trkpt lat="52.24946" lon="4.76837"></trkpt><trkpt lat="52.24929" lon="4.76860"></trkpt><trkpt lat="52.24896" lon="4.76882"></trkpt><trkpt lat="52.24888" lon="4.76883"></trkpt><trkpt lat="52.24883" lon="4.76878"></trkpt><trkpt lat="52.24856" lon="4.76926"></trkpt><trkpt lat="52.24821" lon="4.77017"></trkpt><trkpt lat="52.24800" lon="4.77033"></trkpt><trkpt lat="52.24793" lon="4.77048"></trkpt><trkpt lat="52.24463" lon="4.78967"></trkpt><trkpt lat="52.24467" lon="4.78975"></trkpt><trkpt lat="52.24482" lon="4.78987"></trkpt><trkpt lat="52.24484" lon="4.78997"></trkpt><trkpt lat="52.24475" lon="4.79046"></trkpt><trkpt lat="52.24463" lon="4.79087"></trkpt><trkpt lat="52.24452" lon="4.79098"></trkpt><trkpt lat="52.24424" lon="4.79091"></trkpt><trkpt lat="52.24333" lon="4.79251"></trkpt><trkpt lat="52.24324" lon="4.79258"></trkpt><trkpt lat="52.24282" lon="4.79261"></trkpt><trkpt lat="52.24241" lon="4.79267"></trkpt><trkpt lat="52.24233" lon="4.79272"></trkpt><trkpt lat="52.24214" lon="4.79280"></trkpt><trkpt lat="52.24192" lon="4.79282"></trkpt><trkpt lat="52.24100" lon="4.79222"></trkpt><trkpt lat="52.24080" lon="4.79200"></trkpt><trkpt lat="52.24072" lon="4.79213"></trkpt><trkpt lat="52.24064" lon="4.79252"></trkpt><trkpt lat="52.24056" lon="4.79274"></trkpt><trkpt lat="52.24040" lon="4.79287"></trkpt><trkpt lat="52.24001" lon="4.79314"></trkpt><trkpt lat="52.23969" lon="4.79343"></trkpt><trkpt lat="52.23920" lon="4.79445"></trkpt><trkpt lat="52.23870" lon="4.79399"></trkpt><trkpt lat="52.23850" lon="4.79391"></trkpt><trkpt lat="52.23726" lon="4.79265"></trkpt><trkpt lat="52.23663" lon="4.79199"></trkpt><trkpt lat="52.23640" lon="4.79178"></trkpt><trkpt lat="52.23613" lon="4.79162"></trkpt><trkpt lat="52.23568" lon="4.79122"></trkpt><trkpt lat="52.23478" lon="4.79014"></trkpt><trkpt lat="52.23471" lon="4.79010"></trkpt><trkpt lat="52.23384" lon="4.78936"></trkpt><trkpt lat="52.23144" lon="4.78696"></trkpt><trkpt lat="52.23121" lon="4.78670"></trkpt><trkpt lat="52.23096" lon="4.78633"></trkpt><trkpt lat="52.23061" lon="4.78596"></trkpt><trkpt lat="52.23002" lon="4.78542"></trkpt><trkpt lat="52.22986" lon="4.78524"></trkpt><trkpt lat="52.22975" lon="4.78504"></trkpt><trkpt lat="52.22966" lon="4.78501"></trkpt><trkpt lat="52.22932" lon="4.78467"></trkpt><trkpt lat="52.22909" lon="4.78456"></trkpt><trkpt lat="52.22903" lon="4.78457"></trkpt><trkpt lat="52.22900" lon="4.78462"></trkpt><trkpt lat="52.22897" lon="4.78473"></trkpt><trkpt lat="52.22883" lon="4.78545"></trkpt><trkpt lat="52.22873" lon="4.78586"></trkpt><trkpt lat="52.22859" lon="4.78621"></trkpt><trkpt lat="52.22856" lon="4.78649"></trkpt><trkpt lat="52.22840" lon="4.78679"></trkpt><trkpt lat="52.22829" lon="4.78717"></trkpt><trkpt lat="52.22827" lon="4.78751"></trkpt><trkpt lat="52.22833" lon="4.78827"></trkpt><trkpt lat="52.22835" lon="4.78903"></trkpt><trkpt lat="52.22826" lon="4.78966"></trkpt><trkpt lat="52.22806" lon="4.79046"></trkpt><trkpt lat="52.22805" lon="4.79074"></trkpt><trkpt lat="52.22799" lon="4.79099"></trkpt><trkpt lat="52.22788" lon="4.79124"></trkpt><trkpt lat="52.22737" lon="4.79330"></trkpt><trkpt lat="52.22716" lon="4.79458"></trkpt><trkpt lat="52.22711" lon="4.79510"></trkpt><trkpt lat="52.22706" lon="4.79596"></trkpt><trkpt lat="52.22707" lon="4.79745"></trkpt><trkpt lat="52.22710" lon="4.79807"></trkpt><trkpt lat="52.22724" lon="4.79975"></trkpt><trkpt lat="52.22729" lon="4.80117"></trkpt><trkpt lat="52.22728" lon="4.80146"></trkpt><trkpt lat="52.22747" lon="4.80212"></trkpt><trkpt lat="52.22760" lon="4.80232"></trkpt><trkpt lat="52.22827" lon="4.80462"></trkpt><trkpt lat="52.22843" lon="4.80505"></trkpt><trkpt lat="52.22850" lon="4.80533"></trkpt><trkpt lat="52.22854" lon="4.80565"></trkpt><trkpt lat="52.22852" lon="4.80581"></trkpt><trkpt lat="52.22837" lon="4.80644"></trkpt><trkpt lat="52.22819" lon="4.80683"></trkpt><trkpt lat="52.22783" lon="4.80742"></trkpt><trkpt lat="52.22763" lon="4.80786"></trkpt><trkpt lat="52.22752" lon="4.80847"></trkpt><trkpt lat="52.22750" lon="4.80882"></trkpt><trkpt lat="52.22755" lon="4.81091"></trkpt><trkpt lat="52.22750" lon="4.81125"></trkpt><trkpt lat="52.22753" lon="4.81152"></trkpt><trkpt lat="52.22778" lon="4.81212"></trkpt><trkpt lat="52.22785" lon="4.81240"></trkpt><trkpt lat="52.22788" lon="4.81273"></trkpt><trkpt lat="52.22785" lon="4.81297"></trkpt><trkpt lat="52.22767" lon="4.81343"></trkpt><trkpt lat="52.22755" lon="4.81367"></trkpt><trkpt lat="52.22745" lon="4.81374"></trkpt><trkpt lat="52.22747" lon="4.81420"></trkpt><trkpt lat="52.22756" lon="4.81462"></trkpt><trkpt lat="52.22788" lon="4.81581"></trkpt><trkpt lat="52.22854" lon="4.81699"></trkpt><trkpt lat="52.22863" lon="4.81721"></trkpt><trkpt lat="52.22918" lon="4.81877"></trkpt><trkpt lat="52.22926" lon="4.81922"></trkpt><trkpt lat="52.22927" lon="4.81956"></trkpt><trkpt lat="52.22920" lon="4.82044"></trkpt><trkpt lat="52.22924" lon="4.82085"></trkpt><trkpt lat="52.22929" lon="4.82107"></trkpt><trkpt lat="52.22957" lon="4.82192"></trkpt><trkpt lat="52.23008" lon="4.82317"></trkpt><trkpt lat="52.23016" lon="4.82351"></trkpt><trkpt lat="52.23020" lon="4.82396"></trkpt><trkpt lat="52.23024" lon="4.82414"></trkpt><trkpt lat="52.23021" lon="4.82438"></trkpt><trkpt lat="52.23021" lon="4.82514"></trkpt><trkpt lat="52.23024" lon="4.82561"></trkpt><trkpt lat="52.23038" lon="4.82636"></trkpt><trkpt lat="52.23062" lon="4.82708"></trkpt><trkpt lat="52.23076" lon="4.82757"></trkpt><trkpt lat="52.23091" lon="4.82895"></trkpt><trkpt lat="52.23100" lon="4.82918"></trkpt><trkpt lat="52.23127" lon="4.82952"></trkpt><trkpt lat="52.23137" lon="4.82955"></trkpt><trkpt lat="52.23133" lon="4.82980"></trkpt><trkpt lat="52.23128" lon="4.83000"></trkpt><trkpt lat="52.23152" lon="4.83040"></trkpt><trkpt lat="52.23153" lon="4.83061"></trkpt><trkpt lat="52.23167" lon="4.83082"></trkpt><trkpt lat="52.23171" lon="4.83083"></trkpt><trkpt lat="52.23183" lon="4.83078"></trkpt><trkpt lat="52.23266" lon="4.83036"></trkpt><trkpt lat="52.23255" lon="4.82996"></trkpt><trkpt lat="52.23256" lon="4.82989"></trkpt><trkpt lat="52.23248" lon="4.82959"></trkpt><trkpt lat="52.23227" lon="4.82977"></trkpt><trkpt lat="52.23202" lon="4.83007"></trkpt><trkpt lat="52.23176" lon="4.83044"></trkpt><trkpt lat="52.23171" lon="4.83044"></trkpt><trkpt lat="52.23165" lon="4.83053"></trkpt><trkpt lat="52.23082" lon="4.83196"></trkpt><trkpt lat="52.23073" lon="4.83214"></trkpt><trkpt lat="52.23076" lon="4.83217"></trkpt><trkpt lat="52.23060" lon="4.83255"></trkpt><trkpt lat="52.23080" lon="4.83223"></trkpt><trkpt lat="52.23073" lon="4.83214"></trkpt><trkpt lat="52.23048" lon="4.83274"></trkpt><trkpt lat="52.23038" lon="4.83305"></trkpt><trkpt lat="52.23017" lon="4.83320"></trkpt><trkpt lat="52.23014" lon="4.83325"></trkpt><trkpt lat="52.23003" lon="4.83373"></trkpt><trkpt lat="52.23007" lon="4.83372"></trkpt><trkpt lat="52.23023" lon="4.83383"></trkpt><trkpt lat="52.23007" lon="4.83372"></trkpt><trkpt lat="52.23003" lon="4.83373"></trkpt><trkpt lat="52.22971" lon="4.83488"></trkpt><trkpt lat="52.22949" lon="4.83537"></trkpt><trkpt lat="52.22945" lon="4.83552"></trkpt><trkpt lat="52.22942" lon="4.83574"></trkpt><trkpt lat="52.22945" lon="4.83606"></trkpt><trkpt lat="52.22931" lon="4.83625"></trkpt><trkpt lat="52.22942" lon="4.83661"></trkpt><trkpt lat="52.22943" lon="4.83688"></trkpt><trkpt lat="52.22929" lon="4.83752"></trkpt><trkpt lat="52.22902" lon="4.83846"></trkpt><trkpt lat="52.22902" lon="4.83869"></trkpt><trkpt lat="52.22877" lon="4.83968"></trkpt><trkpt lat="52.22869" lon="4.84041"></trkpt><trkpt lat="52.22864" lon="4.84071"></trkpt><trkpt lat="52.22796" lon="4.84353"></trkpt><trkpt lat="52.22810" lon="4.84370"></trkpt><trkpt lat="52.22846" lon="4.84470"></trkpt><trkpt lat="52.22854" lon="4.84488"></trkpt><trkpt lat="52.22874" lon="4.84507"></trkpt><trkpt lat="52.22880" lon="4.84552"></trkpt><trkpt lat="52.22888" lon="4.84591"></trkpt><trkpt lat="52.22897" lon="4.84614"></trkpt><trkpt lat="52.23168" lon="4.85170"></trkpt><trkpt lat="52.23694" lon="4.86239"></trkpt><trkpt lat="52.23916" lon="4.86685"></trkpt><trkpt lat="52.24228" lon="4.87323"></trkpt><trkpt lat="52.24335" lon="4.87224"></trkpt><trkpt lat="52.24356" lon="4.87209"></trkpt><trkpt lat="52.24485" lon="4.87088"></trkpt><trkpt lat="52.24533" lon="4.87038"></trkpt><trkpt lat="52.24809" lon="4.86739"></trkpt><trkpt lat="52.24829" lon="4.86731"></trkpt><trkpt lat="52.25082" lon="4.86725"></trkpt><trkpt lat="52.25084" lon="4.87224"></trkpt><trkpt lat="52.25083" lon="4.87289"></trkpt><trkpt lat="52.25066" lon="4.87362"></trkpt><trkpt lat="52.25065" lon="4.87391"></trkpt><trkpt lat="52.25066" lon="4.87412"></trkpt><trkpt lat="52.25073" lon="4.87430"></trkpt><trkpt lat="52.25094" lon="4.87470"></trkpt><trkpt lat="52.25108" lon="4.87492"></trkpt><trkpt lat="52.25135" lon="4.87524"></trkpt><trkpt lat="52.25211" lon="4.87656"></trkpt><trkpt lat="52.25243" lon="4.87719"></trkpt><trkpt lat="52.25275" lon="4.87792"></trkpt><trkpt lat="52.25285" lon="4.87828"></trkpt><trkpt lat="52.25301" lon="4.87924"></trkpt><trkpt lat="52.25309" lon="4.87988"></trkpt><trkpt lat="52.25335" lon="4.88113"></trkpt><trkpt lat="52.25357" lon="4.88261"></trkpt><trkpt lat="52.25360" lon="4.88305"></trkpt><trkpt lat="52.25358" lon="4.88324"></trkpt><trkpt lat="52.25352" lon="4.88343"></trkpt><trkpt lat="52.25324" lon="4.88403"></trkpt><trkpt lat="52.25297" lon="4.88435"></trkpt><trkpt lat="52.25143" lon="4.88554"></trkpt><trkpt lat="52.25113" lon="4.88598"></trkpt><trkpt lat="52.25097" lon="4.88628"></trkpt><trkpt lat="52.25080" lon="4.88674"></trkpt><trkpt lat="52.25076" lon="4.88702"></trkpt><trkpt lat="52.25076" lon="4.88727"></trkpt><trkpt lat="52.25086" lon="4.88777"></trkpt><trkpt lat="52.25101" lon="4.88825"></trkpt><trkpt lat="52.25114" lon="4.88848"></trkpt><trkpt lat="52.25156" lon="4.88899"></trkpt><trkpt lat="52.25186" lon="4.88954"></trkpt><trkpt lat="52.25293" lon="4.89079"></trkpt><trkpt lat="52.25310" lon="4.89110"></trkpt><trkpt lat="52.25316" lon="4.89139"></trkpt><trkpt lat="52.25317" lon="4.89154"></trkpt><trkpt lat="52.25311" lon="4.89213"></trkpt><trkpt lat="52.25303" lon="4.89254"></trkpt><trkpt lat="52.25294" lon="4.89290"></trkpt><trkpt lat="52.25278" lon="4.89325"></trkpt><trkpt lat="52.25256" lon="4.89361"></trkpt><trkpt lat="52.25247" lon="4.89381"></trkpt><trkpt lat="52.25231" lon="4.89431"></trkpt><trkpt lat="52.25192" lon="4.89518"></trkpt><trkpt lat="52.25157" lon="4.89546"></trkpt><trkpt lat="52.25145" lon="4.89568"></trkpt><trkpt lat="52.25123" lon="4.89621"></trkpt><trkpt lat="52.25117" lon="4.89639"></trkpt><trkpt lat="52.25111" lon="4.89675"></trkpt><trkpt lat="52.25109" lon="4.89718"></trkpt><trkpt lat="52.25103" lon="4.89767"></trkpt><trkpt lat="52.25084" lon="4.89856"></trkpt><trkpt lat="52.25084" lon="4.89891"></trkpt><trkpt lat="52.25108" lon="4.89975"></trkpt><trkpt lat="52.25120" lon="4.90009"></trkpt><trkpt lat="52.25178" lon="4.90081"></trkpt><trkpt lat="52.25200" lon="4.90105"></trkpt><trkpt lat="52.25263" lon="4.90186"></trkpt><trkpt lat="52.25279" lon="4.90219"></trkpt><trkpt lat="52.25291" lon="4.90260"></trkpt><trkpt lat="52.25304" lon="4.90294"></trkpt><trkpt lat="52.25311" lon="4.90342"></trkpt><trkpt lat="52.25312" lon="4.90473"></trkpt><trkpt lat="52.25306" lon="4.90540"></trkpt><trkpt lat="52.25304" lon="4.90589"></trkpt><trkpt lat="52.25299" lon="4.90630"></trkpt><trkpt lat="52.25283" lon="4.90689"></trkpt><trkpt lat="52.25276" lon="4.90731"></trkpt><trkpt lat="52.25276" lon="4.90784"></trkpt><trkpt lat="52.25270" lon="4.90812"></trkpt><trkpt lat="52.25247" lon="4.90877"></trkpt><trkpt lat="52.25242" lon="4.90908"></trkpt><trkpt lat="52.25239" lon="4.90961"></trkpt><trkpt lat="52.25238" lon="4.91012"></trkpt><trkpt lat="52.25244" lon="4.91047"></trkpt><trkpt lat="52.25258" lon="4.91105"></trkpt><trkpt lat="52.25270" lon="4.91122"></trkpt><trkpt lat="52.25370" lon="4.91235"></trkpt><trkpt lat="52.25379" lon="4.91255"></trkpt><trkpt lat="52.25393" lon="4.91293"></trkpt><trkpt lat="52.25407" lon="4.91308"></trkpt><trkpt lat="52.25439" lon="4.91328"></trkpt><trkpt lat="52.25462" lon="4.91352"></trkpt><trkpt lat="52.25482" lon="4.91383"></trkpt><trkpt lat="52.25538" lon="4.91463"></trkpt><trkpt lat="52.25602" lon="4.91604"></trkpt><trkpt lat="52.25630" lon="4.91672"></trkpt><trkpt lat="52.25662" lon="4.91728"></trkpt><trkpt lat="52.25690" lon="4.91758"></trkpt><trkpt lat="52.25713" lon="4.91777"></trkpt><trkpt lat="52.25750" lon="4.91803"></trkpt><trkpt lat="52.25804" lon="4.91845"></trkpt><trkpt lat="52.25837" lon="4.91866"></trkpt><trkpt lat="52.25886" lon="4.91882"></trkpt><trkpt lat="52.25936" lon="4.91876"></trkpt><trkpt lat="52.26128" lon="4.91813"></trkpt><trkpt lat="52.26141" lon="4.91813"></trkpt><trkpt lat="52.26151" lon="4.91817"></trkpt><trkpt lat="52.26160" lon="4.91823"></trkpt><trkpt lat="52.26174" lon="4.91839"></trkpt><trkpt lat="52.26191" lon="4.91878"></trkpt><trkpt lat="52.26227" lon="4.92050"></trkpt><trkpt lat="52.26234" lon="4.92088"></trkpt><trkpt lat="52.26239" lon="4.92154"></trkpt><trkpt lat="52.26248" lon="4.92216"></trkpt><trkpt lat="52.26276" lon="4.92294"></trkpt><trkpt lat="52.26302" lon="4.92347"></trkpt><trkpt lat="52.26329" lon="4.92381"></trkpt><trkpt lat="52.26368" lon="4.92399"></trkpt><trkpt lat="52.26513" lon="4.92417"></trkpt><trkpt lat="52.26601" lon="4.92438"></trkpt><trkpt lat="52.26627" lon="4.92447"></trkpt><trkpt lat="52.26664" lon="4.92468"></trkpt><trkpt lat="52.26682" lon="4.92484"></trkpt><trkpt lat="52.26689" lon="4.92488"></trkpt><trkpt lat="52.26714" lon="4.92523"></trkpt><trkpt lat="52.26731" lon="4.92557"></trkpt><trkpt lat="52.26750" lon="4.92610"></trkpt><trkpt lat="52.26780" lon="4.92772"></trkpt><trkpt lat="52.26789" lon="4.92839"></trkpt><trkpt lat="52.26819" lon="4.92923"></trkpt><trkpt lat="52.26840" lon="4.93006"></trkpt><trkpt lat="52.26845" lon="4.93039"></trkpt><trkpt lat="52.26864" lon="4.93033"></trkpt><trkpt lat="52.26882" lon="4.93144"></trkpt><trkpt lat="52.26885" lon="4.93177"></trkpt><trkpt lat="52.26882" lon="4.93240"></trkpt><trkpt lat="52.26870" lon="4.93295"></trkpt><trkpt lat="52.26846" lon="4.93326"></trkpt><trkpt lat="52.26813" lon="4.93353"></trkpt><trkpt lat="52.26772" lon="4.93367"></trkpt><trkpt lat="52.26731" lon="4.93369"></trkpt><trkpt lat="52.26697" lon="4.93379"></trkpt><trkpt lat="52.26647" lon="4.93408"></trkpt><trkpt lat="52.26581" lon="4.93459"></trkpt><trkpt lat="52.26570" lon="4.93461"></trkpt><trkpt lat="52.26500" lon="4.93481"></trkpt><trkpt lat="52.26478" lon="4.93497"></trkpt><trkpt lat="52.26466" lon="4.93512"></trkpt><trkpt lat="52.26459" lon="4.93535"></trkpt><trkpt lat="52.26459" lon="4.93612"></trkpt><trkpt lat="52.26464" lon="4.93650"></trkpt><trkpt lat="52.26511" lon="4.93822"></trkpt><trkpt lat="52.26543" lon="4.93931"></trkpt><trkpt lat="52.26568" lon="4.94001"></trkpt><trkpt lat="52.26627" lon="4.94256"></trkpt><trkpt lat="52.26634" lon="4.94291"></trkpt><trkpt lat="52.26634" lon="4.94328"></trkpt><trkpt lat="52.26625" lon="4.94367"></trkpt><trkpt lat="52.26612" lon="4.94397"></trkpt><trkpt lat="52.26575" lon="4.94448"></trkpt><trkpt lat="52.26555" lon="4.94458"></trkpt><trkpt lat="52.26538" lon="4.94463"></trkpt><trkpt lat="52.26511" lon="4.94453"></trkpt><trkpt lat="52.26450" lon="4.94426"></trkpt><trkpt lat="52.26403" lon="4.94398"></trkpt><trkpt lat="52.26377" lon="4.94377"></trkpt><trkpt lat="52.26264" lon="4.94255"></trkpt><trkpt lat="52.26235" lon="4.94235"></trkpt><trkpt lat="52.26203" lon="4.94224"></trkpt><trkpt lat="52.26187" lon="4.94227"></trkpt><trkpt lat="52.26173" lon="4.94237"></trkpt><trkpt lat="52.26107" lon="4.94312"></trkpt><trkpt lat="52.26053" lon="4.94344"></trkpt><trkpt lat="52.26040" lon="4.94356"></trkpt><trkpt lat="52.25939" lon="4.94491"></trkpt><trkpt lat="52.25918" lon="4.94524"></trkpt><trkpt lat="52.25897" lon="4.94565"></trkpt><trkpt lat="52.25884" lon="4.94604"></trkpt><trkpt lat="52.25876" lon="4.94640"></trkpt><trkpt lat="52.25870" lon="4.94690"></trkpt><trkpt lat="52.25873" lon="4.94744"></trkpt><trkpt lat="52.25869" lon="4.94803"></trkpt><trkpt lat="52.25863" lon="4.94839"></trkpt><trkpt lat="52.25856" lon="4.94898"></trkpt><trkpt lat="52.25846" lon="4.94942"></trkpt><trkpt lat="52.25833" lon="4.94973"></trkpt><trkpt lat="52.25800" lon="4.95029"></trkpt><trkpt lat="52.25773" lon="4.95088"></trkpt><trkpt lat="52.25746" lon="4.95168"></trkpt><trkpt lat="52.25733" lon="4.95188"></trkpt><trkpt lat="52.25719" lon="4.95202"></trkpt><trkpt lat="52.25690" lon="4.95222"></trkpt><trkpt lat="52.25662" lon="4.95232"></trkpt><trkpt lat="52.25630" lon="4.95233"></trkpt><trkpt lat="52.25566" lon="4.95207"></trkpt><trkpt lat="52.25543" lon="4.95207"></trkpt><trkpt lat="52.25526" lon="4.95216"></trkpt><trkpt lat="52.25505" lon="4.95253"></trkpt><trkpt lat="52.25480" lon="4.95343"></trkpt><trkpt lat="52.25444" lon="4.95455"></trkpt><trkpt lat="52.25434" lon="4.95514"></trkpt><trkpt lat="52.25429" lon="4.95557"></trkpt><trkpt lat="52.25424" lon="4.95639"></trkpt><trkpt lat="52.25435" lon="4.95762"></trkpt><trkpt lat="52.25440" lon="4.95794"></trkpt><trkpt lat="52.25449" lon="4.95822"></trkpt><trkpt lat="52.25466" lon="4.95851"></trkpt><trkpt lat="52.25540" lon="4.95913"></trkpt><trkpt lat="52.25576" lon="4.95935"></trkpt><trkpt lat="52.25629" lon="4.95959"></trkpt><trkpt lat="52.25707" lon="4.96029"></trkpt><trkpt lat="52.25781" lon="4.96085"></trkpt><trkpt lat="52.25810" lon="4.96098"></trkpt><trkpt lat="52.25831" lon="4.96102"></trkpt><trkpt lat="52.25849" lon="4.96099"></trkpt><trkpt lat="52.25867" lon="4.96089"></trkpt><trkpt lat="52.25940" lon="4.96030"></trkpt><trkpt lat="52.25966" lon="4.96013"></trkpt><trkpt lat="52.25984" lon="4.96007"></trkpt><trkpt lat="52.25997" lon="4.96012"></trkpt><trkpt lat="52.26041" lon="4.96053"></trkpt><trkpt lat="52.26067" lon="4.96094"></trkpt><trkpt lat="52.26077" lon="4.96117"></trkpt><trkpt lat="52.26084" lon="4.96143"></trkpt><trkpt lat="52.26093" lon="4.96208"></trkpt><trkpt lat="52.26098" lon="4.96274"></trkpt><trkpt lat="52.26102" lon="4.96292"></trkpt><trkpt lat="52.26097" lon="4.96299"></trkpt><trkpt lat="52.26092" lon="4.96318"></trkpt><trkpt lat="52.26106" lon="4.96345"></trkpt><trkpt lat="52.26109" lon="4.96378"></trkpt><trkpt lat="52.26101" lon="4.96638"></trkpt><trkpt lat="52.26096" lon="4.96679"></trkpt><trkpt lat="52.26068" lon="4.96803"></trkpt><trkpt lat="52.26067" lon="4.96821"></trkpt><trkpt lat="52.26070" lon="4.96837"></trkpt><trkpt lat="52.26082" lon="4.96860"></trkpt><trkpt lat="52.26129" lon="4.96930"></trkpt><trkpt lat="52.26215" lon="4.97026"></trkpt><trkpt lat="52.26242" lon="4.97071"></trkpt><trkpt lat="52.26270" lon="4.97137"></trkpt><trkpt lat="52.26288" lon="4.97239"></trkpt><trkpt lat="52.26304" lon="4.97241"></trkpt><trkpt lat="52.26327" lon="4.97251"></trkpt><trkpt lat="52.26344" lon="4.97262"></trkpt><trkpt lat="52.26463" lon="4.97358"></trkpt><trkpt lat="52.26519" lon="4.97409"></trkpt><trkpt lat="52.26539" lon="4.97434"></trkpt><trkpt lat="52.26561" lon="4.97478"></trkpt><trkpt lat="52.26574" lon="4.97519"></trkpt><trkpt lat="52.26586" lon="4.97570"></trkpt><trkpt lat="52.26592" lon="4.97585"></trkpt><trkpt lat="52.26595" lon="4.97588"></trkpt><trkpt lat="52.26605" lon="4.97592"></trkpt><trkpt lat="52.26613" lon="4.97590"></trkpt><trkpt lat="52.26701" lon="4.97534"></trkpt><trkpt lat="52.26732" lon="4.97511"></trkpt><trkpt lat="52.26746" lon="4.97496"></trkpt><trkpt lat="52.26783" lon="4.97466"></trkpt><trkpt lat="52.26908" lon="4.97397"></trkpt><trkpt lat="52.26912" lon="4.97390"></trkpt><trkpt lat="52.26921" lon="4.97361"></trkpt><trkpt lat="52.26936" lon="4.97373"></trkpt><trkpt lat="52.26945" lon="4.97374"></trkpt><trkpt lat="52.26965" lon="4.97364"></trkpt><trkpt lat="52.26986" lon="4.97371"></trkpt><trkpt lat="52.27043" lon="4.97408"></trkpt><trkpt lat="52.27090" lon="4.97435"></trkpt><trkpt lat="52.27112" lon="4.97444"></trkpt><trkpt lat="52.27137" lon="4.97452"></trkpt><trkpt lat="52.27174" lon="4.97458"></trkpt><trkpt lat="52.27189" lon="4.97455"></trkpt><trkpt lat="52.27214" lon="4.97440"></trkpt><trkpt lat="52.27267" lon="4.97653"></trkpt><trkpt lat="52.27301" lon="4.97797"></trkpt><trkpt lat="52.27310" lon="4.97847"></trkpt><trkpt lat="52.27336" lon="4.97961"></trkpt><trkpt lat="52.27356" lon="4.97991"></trkpt><trkpt lat="52.27365" lon="4.98010"></trkpt><trkpt lat="52.27382" lon="4.98053"></trkpt><trkpt lat="52.27394" lon="4.98073"></trkpt><trkpt lat="52.27404" lon="4.98086"></trkpt><trkpt lat="52.27423" lon="4.98124"></trkpt><trkpt lat="52.27429" lon="4.98132"></trkpt><trkpt lat="52.27441" lon="4.98136"></trkpt><trkpt lat="52.27453" lon="4.98130"></trkpt><trkpt lat="52.27465" lon="4.98130"></trkpt><trkpt lat="52.27571" lon="4.98157"></trkpt><trkpt lat="52.27627" lon="4.98194"></trkpt><trkpt lat="52.27672" lon="4.98232"></trkpt><trkpt lat="52.27698" lon="4.98257"></trkpt><trkpt lat="52.27733" lon="4.98300"></trkpt><trkpt lat="52.27763" lon="4.98341"></trkpt><trkpt lat="52.27791" lon="4.98395"></trkpt><trkpt lat="52.27821" lon="4.98466"></trkpt><trkpt lat="52.27868" lon="4.98611"></trkpt><trkpt lat="52.27881" lon="4.98656"></trkpt><trkpt lat="52.27901" lon="4.98743"></trkpt><trkpt lat="52.27923" lon="4.98859"></trkpt><trkpt lat="52.27930" lon="4.98909"></trkpt><trkpt lat="52.27933" lon="4.98956"></trkpt><trkpt lat="52.27925" lon="4.99041"></trkpt><trkpt lat="52.27912" lon="4.99109"></trkpt><trkpt lat="52.27896" lon="4.99161"></trkpt><trkpt lat="52.27874" lon="4.99201"></trkpt><trkpt lat="52.27815" lon="4.99265"></trkpt><trkpt lat="52.27754" lon="4.99310"></trkpt><trkpt lat="52.27736" lon="4.99329"></trkpt><trkpt lat="52.27613" lon="4.99486"></trkpt><trkpt lat="52.27604" lon="4.99502"></trkpt><trkpt lat="52.27590" lon="4.99539"></trkpt><trkpt lat="52.27585" lon="4.99560"></trkpt><trkpt lat="52.27583" lon="4.99583"></trkpt><trkpt lat="52.27585" lon="4.99601"></trkpt><trkpt lat="52.27592" lon="4.99625"></trkpt><trkpt lat="52.27614" lon="4.99670"></trkpt><trkpt lat="52.27637" lon="4.99711"></trkpt><trkpt lat="52.27663" lon="4.99733"></trkpt><trkpt lat="52.27745" lon="4.99791"></trkpt><trkpt lat="52.27785" lon="4.99838"></trkpt><trkpt lat="52.27865" lon="4.99962"></trkpt><trkpt lat="52.27882" lon="5.00001"></trkpt><trkpt lat="52.27937" lon="5.00153"></trkpt><trkpt lat="52.27964" lon="5.00283"></trkpt><trkpt lat="52.27987" lon="5.00327"></trkpt><trkpt lat="52.28015" lon="5.00372"></trkpt><trkpt lat="52.27999" lon="5.00409"></trkpt><trkpt lat="52.27948" lon="5.00400"></trkpt><trkpt lat="52.27944" lon="5.00413"></trkpt><trkpt lat="52.27893" lon="5.00508"></trkpt><trkpt lat="52.27875" lon="5.00533"></trkpt><trkpt lat="52.27846" lon="5.00563"></trkpt><trkpt lat="52.27824" lon="5.00580"></trkpt><trkpt lat="52.27690" lon="5.00649"></trkpt><trkpt lat="52.27591" lon="5.00731"></trkpt><trkpt lat="52.27550" lon="5.00778"></trkpt><trkpt lat="52.27521" lon="5.00836"></trkpt><trkpt lat="52.27433" lon="5.01061"></trkpt><trkpt lat="52.27432" lon="5.01077"></trkpt><trkpt lat="52.27437" lon="5.01096"></trkpt><trkpt lat="52.27465" lon="5.01145"></trkpt><trkpt lat="52.27473" lon="5.01167"></trkpt><trkpt lat="52.27467" lon="5.01205"></trkpt><trkpt lat="52.27453" lon="5.01272"></trkpt><trkpt lat="52.27416" lon="5.01424"></trkpt><trkpt lat="52.27390" lon="5.01571"></trkpt><trkpt lat="52.27359" lon="5.01701"></trkpt><trkpt lat="52.27344" lon="5.01772"></trkpt><trkpt lat="52.27341" lon="5.01796"></trkpt><trkpt lat="52.27345" lon="5.01854"></trkpt><trkpt lat="52.27331" lon="5.01856"></trkpt><trkpt lat="52.27265" lon="5.01839"></trkpt><trkpt lat="52.27055" lon="5.01789"></trkpt><trkpt lat="52.27048" lon="5.01669"></trkpt><trkpt lat="52.27043" lon="5.01660"></trkpt><trkpt lat="52.27033" lon="5.01658"></trkpt><trkpt lat="52.27027" lon="5.01666"></trkpt><trkpt lat="52.27026" lon="5.01675"></trkpt><trkpt lat="52.27030" lon="5.01735"></trkpt><trkpt lat="52.27028" lon="5.01747"></trkpt><trkpt lat="52.27023" lon="5.01753"></trkpt><trkpt lat="52.26882" lon="5.01713"></trkpt><trkpt lat="52.26877" lon="5.01712"></trkpt><trkpt lat="52.26871" lon="5.01719"></trkpt><trkpt lat="52.26848" lon="5.01951"></trkpt><trkpt lat="52.26854" lon="5.01963"></trkpt><trkpt lat="52.26911" lon="5.01981"></trkpt><trkpt lat="52.26916" lon="5.01987"></trkpt><trkpt lat="52.26918" lon="5.01994"></trkpt><trkpt lat="52.26917" lon="5.02007"></trkpt><trkpt lat="52.26914" lon="5.02012"></trkpt><trkpt lat="52.26903" lon="5.02014"></trkpt><trkpt lat="52.26868" lon="5.01979"></trkpt><trkpt lat="52.26859" lon="5.01976"></trkpt><trkpt lat="52.26855" lon="5.01978"></trkpt><trkpt lat="52.26850" lon="5.01990"></trkpt><trkpt lat="52.26853" lon="5.02006"></trkpt><trkpt lat="52.26860" lon="5.02011"></trkpt><trkpt lat="52.26912" lon="5.02025"></trkpt><trkpt lat="52.26916" lon="5.02024"></trkpt><trkpt lat="52.26951" lon="5.02145"></trkpt><trkpt lat="52.26999" lon="5.02358"></trkpt><trkpt lat="52.27117" lon="5.02249"></trkpt><trkpt lat="52.27190" lon="5.02207"></trkpt><trkpt lat="52.27248" lon="5.02191"></trkpt><trkpt lat="52.27254" lon="5.02186"></trkpt><trkpt lat="52.27267" lon="5.02188"></trkpt><trkpt lat="52.27286" lon="5.02185"></trkpt><trkpt lat="52.27347" lon="5.02170"></trkpt><trkpt lat="52.27419" lon="5.02170"></trkpt><trkpt lat="52.27426" lon="5.02250"></trkpt><trkpt lat="52.27427" lon="5.02298"></trkpt><trkpt lat="52.27426" lon="5.02314"></trkpt><trkpt lat="52.27407" lon="5.02316"></trkpt><trkpt lat="52.27388" lon="5.02324"></trkpt><trkpt lat="52.27373" lon="5.02336"></trkpt><trkpt lat="52.27369" lon="5.02347"></trkpt><trkpt lat="52.27370" lon="5.02529"></trkpt><trkpt lat="52.27333" lon="5.02701"></trkpt><trkpt lat="52.27336" lon="5.02717"></trkpt><trkpt lat="52.27323" lon="5.02739"></trkpt><trkpt lat="52.27309" lon="5.02754"></trkpt><trkpt lat="52.27276" lon="5.02772"></trkpt><trkpt lat="52.27268" lon="5.02783"></trkpt><trkpt lat="52.27264" lon="5.02793"></trkpt><trkpt lat="52.27257" lon="5.02842"></trkpt><trkpt lat="52.27262" lon="5.02901"></trkpt><trkpt lat="52.27266" lon="5.02924"></trkpt><trkpt lat="52.27273" lon="5.02947"></trkpt><trkpt lat="52.27288" lon="5.02975"></trkpt><trkpt lat="52.27299" lon="5.02991"></trkpt><trkpt lat="52.27311" lon="5.03001"></trkpt><trkpt lat="52.27321" lon="5.03018"></trkpt><trkpt lat="52.27342" lon="5.03039"></trkpt><trkpt lat="52.27402" lon="5.03080"></trkpt><trkpt lat="52.27414" lon="5.03081"></trkpt><trkpt lat="52.27418" lon="5.03092"></trkpt><trkpt lat="52.27451" lon="5.03121"></trkpt><trkpt lat="52.27499" lon="5.03168"></trkpt><trkpt lat="52.27539" lon="5.03222"></trkpt><trkpt lat="52.27565" lon="5.03260"></trkpt><trkpt lat="52.27570" lon="5.03270"></trkpt><trkpt lat="52.27641" lon="5.03541"></trkpt><trkpt lat="52.27697" lon="5.03677"></trkpt><trkpt lat="52.27720" lon="5.03747"></trkpt><trkpt lat="52.27731" lon="5.03765"></trkpt><trkpt lat="52.27738" lon="5.03782"></trkpt><trkpt lat="52.27745" lon="5.03848"></trkpt><trkpt lat="52.27768" lon="5.03933"></trkpt><trkpt lat="52.27773" lon="5.03982"></trkpt><trkpt lat="52.27781" lon="5.04015"></trkpt><trkpt lat="52.27824" lon="5.04164"></trkpt><trkpt lat="52.27843" lon="5.04225"></trkpt><trkpt lat="52.27852" lon="5.04267"></trkpt><trkpt lat="52.27852" lon="5.04295"></trkpt><trkpt lat="52.27847" lon="5.04337"></trkpt><trkpt lat="52.27836" lon="5.04392"></trkpt><trkpt lat="52.27813" lon="5.04479"></trkpt><trkpt lat="52.27813" lon="5.04499"></trkpt><trkpt lat="52.27821" lon="5.04519"></trkpt><trkpt lat="52.27831" lon="5.04533"></trkpt><trkpt lat="52.27863" lon="5.04590"></trkpt><trkpt lat="52.27917" lon="5.04709"></trkpt><trkpt lat="52.27956" lon="5.04830"></trkpt><trkpt lat="52.27968" lon="5.04853"></trkpt><trkpt lat="52.27975" lon="5.04859"></trkpt><trkpt lat="52.28014" lon="5.04868"></trkpt><trkpt lat="52.28056" lon="5.04887"></trkpt><trkpt lat="52.28087" lon="5.04912"></trkpt><trkpt lat="52.28130" lon="5.04956"></trkpt><trkpt lat="52.28218" lon="5.05042"></trkpt><trkpt lat="52.28235" lon="5.05073"></trkpt><trkpt lat="52.28251" lon="5.05129"></trkpt><trkpt lat="52.28296" lon="5.05360"></trkpt><trkpt lat="52.28333" lon="5.05505"></trkpt><trkpt lat="52.28360" lon="5.05568"></trkpt><trkpt lat="52.28389" lon="5.05629"></trkpt><trkpt lat="52.28430" lon="5.05701"></trkpt><trkpt lat="52.28441" lon="5.05708"></trkpt><trkpt lat="52.28467" lon="5.05697"></trkpt><trkpt lat="52.28483" lon="5.05696"></trkpt><trkpt lat="52.28502" lon="5.05709"></trkpt><trkpt lat="52.28515" lon="5.05732"></trkpt><trkpt lat="52.28518" lon="5.05753"></trkpt><trkpt lat="52.28518" lon="5.05780"></trkpt><trkpt lat="52.28514" lon="5.05792"></trkpt><trkpt lat="52.28499" lon="5.05818"></trkpt><trkpt lat="52.28496" lon="5.05839"></trkpt><trkpt lat="52.28544" lon="5.05990"></trkpt><trkpt lat="52.28558" lon="5.06043"></trkpt><trkpt lat="52.28563" lon="5.06080"></trkpt><trkpt lat="52.28564" lon="5.06114"></trkpt><trkpt lat="52.28559" lon="5.06195"></trkpt><trkpt lat="52.28548" lon="5.06273"></trkpt><trkpt lat="52.28539" lon="5.06297"></trkpt><trkpt lat="52.28532" lon="5.06309"></trkpt><trkpt lat="52.28507" lon="5.06336"></trkpt><trkpt lat="52.28502" lon="5.06345"></trkpt><trkpt lat="52.28499" lon="5.06383"></trkpt><trkpt lat="52.28501" lon="5.06413"></trkpt><trkpt lat="52.28526" lon="5.06537"></trkpt><trkpt lat="52.28526" lon="5.06567"></trkpt><trkpt lat="52.28507" lon="5.06807"></trkpt><trkpt lat="52.28511" lon="5.06830"></trkpt><trkpt lat="52.28530" lon="5.06842"></trkpt><trkpt lat="52.28558" lon="5.06854"></trkpt><trkpt lat="52.28615" lon="5.06870"></trkpt><trkpt lat="52.28696" lon="5.06933"></trkpt><trkpt lat="52.28727" lon="5.06968"></trkpt><trkpt lat="52.28806" lon="5.07079"></trkpt><trkpt lat="52.28833" lon="5.07112"></trkpt><trkpt lat="52.28846" lon="5.07119"></trkpt><trkpt lat="52.28856" lon="5.07120"></trkpt><trkpt lat="52.28889" lon="5.07099"></trkpt><trkpt lat="52.28903" lon="5.07097"></trkpt><trkpt lat="52.28915" lon="5.07101"></trkpt><trkpt lat="52.28924" lon="5.07106"></trkpt><trkpt lat="52.28933" lon="5.07117"></trkpt><trkpt lat="52.28944" lon="5.07144"></trkpt><trkpt lat="52.28958" lon="5.07167"></trkpt><trkpt lat="52.28974" lon="5.07171"></trkpt><trkpt lat="52.29024" lon="5.07175"></trkpt><trkpt lat="52.29055" lon="5.07172"></trkpt><trkpt lat="52.29137" lon="5.07068"></trkpt><trkpt lat="52.29165" lon="5.07025"></trkpt><trkpt lat="52.29178" lon="5.06994"></trkpt><trkpt lat="52.29213" lon="5.06875"></trkpt><trkpt lat="52.29227" lon="5.06801"></trkpt><trkpt lat="52.29233" lon="5.06760"></trkpt><trkpt lat="52.29237" lon="5.06752"></trkpt><trkpt lat="52.29244" lon="5.06747"></trkpt><trkpt lat="52.29256" lon="5.06750"></trkpt><trkpt lat="52.29254" lon="5.06757"></trkpt><trkpt lat="52.29258" lon="5.06769"></trkpt><trkpt lat="52.29258" lon="5.06780"></trkpt><trkpt lat="52.29230" lon="5.06867"></trkpt><trkpt lat="52.29218" lon="5.06924"></trkpt><trkpt lat="52.29175" lon="5.07096"></trkpt><trkpt lat="52.29136" lon="5.07293"></trkpt><trkpt lat="52.29111" lon="5.07413"></trkpt><trkpt lat="52.29098" lon="5.07466"></trkpt><trkpt lat="52.29077" lon="5.07591"></trkpt><trkpt lat="52.29068" lon="5.07600"></trkpt><trkpt lat="52.29063" lon="5.07622"></trkpt><trkpt lat="52.29062" lon="5.07633"></trkpt><trkpt lat="52.29074" lon="5.07665"></trkpt><trkpt lat="52.29077" lon="5.07760"></trkpt><trkpt lat="52.29086" lon="5.07883"></trkpt><trkpt lat="52.29113" lon="5.08114"></trkpt><trkpt lat="52.29116" lon="5.08200"></trkpt><trkpt lat="52.29116" lon="5.08259"></trkpt><trkpt lat="52.29112" lon="5.08303"></trkpt><trkpt lat="52.29127" lon="5.08305"></trkpt><trkpt lat="52.29133" lon="5.08308"></trkpt><trkpt lat="52.29137" lon="5.08321"></trkpt><trkpt lat="52.29144" lon="5.08328"></trkpt><trkpt lat="52.29169" lon="5.08336"></trkpt><trkpt lat="52.29171" lon="5.08341"></trkpt><trkpt lat="52.29171" lon="5.08352"></trkpt><trkpt lat="52.29217" lon="5.08407"></trkpt><trkpt lat="52.29295" lon="5.08509"></trkpt><trkpt lat="52.29309" lon="5.08519"></trkpt><trkpt lat="52.29323" lon="5.08517"></trkpt><trkpt lat="52.29332" lon="5.08509"></trkpt><trkpt lat="52.29348" lon="5.08486"></trkpt><trkpt lat="52.29367" lon="5.08447"></trkpt><trkpt lat="52.29373" lon="5.08443"></trkpt><trkpt lat="52.29394" lon="5.08461"></trkpt><trkpt lat="52.29405" lon="5.08449"></trkpt><trkpt lat="52.29453" lon="5.08319"></trkpt><trkpt lat="52.29467" lon="5.08305"></trkpt><trkpt lat="52.29505" lon="5.08292"></trkpt><trkpt lat="52.29584" lon="5.08278"></trkpt><trkpt lat="52.29632" lon="5.08273"></trkpt><trkpt lat="52.29649" lon="5.08252"></trkpt><trkpt lat="52.29677" lon="5.08168"></trkpt><trkpt lat="52.29696" lon="5.08121"></trkpt><trkpt lat="52.29709" lon="5.08095"></trkpt><trkpt lat="52.29783" lon="5.08004"></trkpt><trkpt lat="52.29800" lon="5.07978"></trkpt><trkpt lat="52.29812" lon="5.07943"></trkpt><trkpt lat="52.29817" lon="5.07881"></trkpt><trkpt lat="52.29822" lon="5.07861"></trkpt><trkpt lat="52.29830" lon="5.07840"></trkpt><trkpt lat="52.29855" lon="5.07801"></trkpt><trkpt lat="52.29870" lon="5.07771"></trkpt><trkpt lat="52.29882" lon="5.07734"></trkpt><trkpt lat="52.29888" lon="5.07701"></trkpt><trkpt lat="52.29892" lon="5.07668"></trkpt><trkpt lat="52.29892" lon="5.07645"></trkpt><trkpt lat="52.29889" lon="5.07620"></trkpt><trkpt lat="52.29876" lon="5.07578"></trkpt><trkpt lat="52.29859" lon="5.07545"></trkpt><trkpt lat="52.29794" lon="5.07438"></trkpt><trkpt lat="52.29726" lon="5.07241"></trkpt><trkpt lat="52.29719" lon="5.07215"></trkpt><trkpt lat="52.29716" lon="5.07187"></trkpt><trkpt lat="52.29720" lon="5.07076"></trkpt><trkpt lat="52.29710" lon="5.06786"></trkpt><trkpt lat="52.29706" lon="5.06766"></trkpt><trkpt lat="52.29706" lon="5.06743"></trkpt><trkpt lat="52.29679" lon="5.06626"></trkpt><trkpt lat="52.29663" lon="5.06542"></trkpt><trkpt lat="52.29637" lon="5.06368"></trkpt><trkpt lat="52.29634" lon="5.06328"></trkpt><trkpt lat="52.29638" lon="5.06299"></trkpt><trkpt lat="52.29644" lon="5.06275"></trkpt><trkpt lat="52.29652" lon="5.06253"></trkpt><trkpt lat="52.29679" lon="5.06209"></trkpt><trkpt lat="52.29720" lon="5.06176"></trkpt><trkpt lat="52.29761" lon="5.06155"></trkpt><trkpt lat="52.29781" lon="5.06141"></trkpt><trkpt lat="52.29838" lon="5.06087"></trkpt><trkpt lat="52.29932" lon="5.05951"></trkpt><trkpt lat="52.29958" lon="5.05902"></trkpt><trkpt lat="52.29990" lon="5.05830"></trkpt><trkpt lat="52.30004" lon="5.05790"></trkpt><trkpt lat="52.30007" lon="5.05765"></trkpt><trkpt lat="52.30007" lon="5.05668"></trkpt><trkpt lat="52.30015" lon="5.05586"></trkpt><trkpt lat="52.30022" lon="5.05548"></trkpt><trkpt lat="52.30033" lon="5.05513"></trkpt><trkpt lat="52.30046" lon="5.05489"></trkpt><trkpt lat="52.30059" lon="5.05474"></trkpt><trkpt lat="52.30135" lon="5.05422"></trkpt><trkpt lat="52.30192" lon="5.05417"></trkpt><trkpt lat="52.30259" lon="5.05394"></trkpt><trkpt lat="52.30321" lon="5.05363"></trkpt><trkpt lat="52.30339" lon="5.05349"></trkpt><trkpt lat="52.30366" lon="5.05316"></trkpt><trkpt lat="52.30380" lon="5.05294"></trkpt><trkpt lat="52.30394" lon="5.05264"></trkpt><trkpt lat="52.30444" lon="5.05130"></trkpt><trkpt lat="52.30516" lon="5.04990"></trkpt><trkpt lat="52.30549" lon="5.04961"></trkpt><trkpt lat="52.30566" lon="5.04954"></trkpt><trkpt lat="52.30593" lon="5.04934"></trkpt><trkpt lat="52.30635" lon="5.04897"></trkpt><trkpt lat="52.30648" lon="5.04893"></trkpt><trkpt lat="52.30666" lon="5.04896"></trkpt><trkpt lat="52.30701" lon="5.04938"></trkpt><trkpt lat="52.30712" lon="5.04947"></trkpt><trkpt lat="52.30724" lon="5.04951"></trkpt><trkpt lat="52.30743" lon="5.04948"></trkpt><trkpt lat="52.30762" lon="5.04933"></trkpt><trkpt lat="52.30771" lon="5.04918"></trkpt><trkpt lat="52.30821" lon="5.04770"></trkpt><trkpt lat="52.30834" lon="5.04724"></trkpt><trkpt lat="52.30804" lon="5.04663"></trkpt><trkpt lat="52.30792" lon="5.04642"></trkpt><trkpt lat="52.30782" lon="5.04638"></trkpt><trkpt lat="52.30754" lon="5.04637"></trkpt><trkpt lat="52.30741" lon="5.04627"></trkpt><trkpt lat="52.30732" lon="5.04598"></trkpt><trkpt lat="52.30731" lon="5.04540"></trkpt><trkpt lat="52.30726" lon="5.04524"></trkpt><trkpt lat="52.30691" lon="5.04462"></trkpt><trkpt lat="52.30726" lon="5.04412"></trkpt><trkpt lat="52.30761" lon="5.04367"></trkpt><trkpt lat="52.30804" lon="5.04331"></trkpt><trkpt lat="52.30848" lon="5.04299"></trkpt><trkpt lat="52.30916" lon="5.04275"></trkpt><trkpt lat="52.30920" lon="5.04287"></trkpt><trkpt lat="52.30927" lon="5.04295"></trkpt><trkpt lat="52.30958" lon="5.04318"></trkpt><trkpt lat="52.30985" lon="5.04342"></trkpt><trkpt lat="52.30995" lon="5.04355"></trkpt><trkpt lat="52.31008" lon="5.04378"></trkpt><trkpt lat="52.31011" lon="5.04398"></trkpt><trkpt lat="52.31026" lon="5.04419"></trkpt><trkpt lat="52.31059" lon="5.04493"></trkpt><trkpt lat="52.31064" lon="5.04494"></trkpt><trkpt lat="52.31079" lon="5.04524"></trkpt><trkpt lat="52.31132" lon="5.04604"></trkpt><trkpt lat="52.31164" lon="5.04645"></trkpt><trkpt lat="52.31205" lon="5.04678"></trkpt><trkpt lat="52.31210" lon="5.04685"></trkpt><trkpt lat="52.31217" lon="5.04743"></trkpt><trkpt lat="52.31218" lon="5.04768"></trkpt><trkpt lat="52.31222" lon="5.04780"></trkpt><trkpt lat="52.31239" lon="5.04806"></trkpt><trkpt lat="52.31257" lon="5.04823"></trkpt><trkpt lat="52.31307" lon="5.04838"></trkpt><trkpt lat="52.31324" lon="5.04849"></trkpt><trkpt lat="52.31348" lon="5.04856"></trkpt><trkpt lat="52.31360" lon="5.04864"></trkpt><trkpt lat="52.31391" lon="5.04866"></trkpt><trkpt lat="52.31403" lon="5.04857"></trkpt><trkpt lat="52.31412" lon="5.04855"></trkpt><trkpt lat="52.31491" lon="5.04867"></trkpt><trkpt lat="52.31525" lon="5.04881"></trkpt><trkpt lat="52.31551" lon="5.04897"></trkpt><trkpt lat="52.31579" lon="5.04925"></trkpt><trkpt lat="52.31603" lon="5.04958"></trkpt><trkpt lat="52.31679" lon="5.05094"></trkpt><trkpt lat="52.31706" lon="5.05158"></trkpt><trkpt lat="52.31759" lon="5.05323"></trkpt><trkpt lat="52.31777" lon="5.05367"></trkpt><trkpt lat="52.31807" lon="5.05425"></trkpt><trkpt lat="52.32027" lon="5.05770"></trkpt><trkpt lat="52.32053" lon="5.05828"></trkpt><trkpt lat="52.32110" lon="5.06005"></trkpt><trkpt lat="52.32128" lon="5.06050"></trkpt><trkpt lat="52.32151" lon="5.06090"></trkpt><trkpt lat="52.32173" lon="5.06117"></trkpt><trkpt lat="52.32209" lon="5.06150"></trkpt><trkpt lat="52.32214" lon="5.06124"></trkpt><trkpt lat="52.32235" lon="5.06132"></trkpt><trkpt lat="52.32486" lon="5.06184"></trkpt><trkpt lat="52.32524" lon="5.06168"></trkpt><trkpt lat="52.32555" lon="5.06168"></trkpt><trkpt lat="52.32564" lon="5.06162"></trkpt><trkpt lat="52.32571" lon="5.06143"></trkpt><trkpt lat="52.32603" lon="5.06147"></trkpt><trkpt lat="52.32609" lon="5.06155"></trkpt><trkpt lat="52.32612" lon="5.06166"></trkpt><trkpt lat="52.32637" lon="5.06172"></trkpt><trkpt lat="52.32655" lon="5.06190"></trkpt><trkpt lat="52.32667" lon="5.06214"></trkpt><trkpt lat="52.32676" lon="5.06258"></trkpt><trkpt lat="52.32684" lon="5.06278"></trkpt><trkpt lat="52.32695" lon="5.06293"></trkpt><trkpt lat="52.32774" lon="5.06346"></trkpt><trkpt lat="52.32792" lon="5.06361"></trkpt><trkpt lat="52.32798" lon="5.06364"></trkpt><trkpt lat="52.32792" lon="5.06388"></trkpt><trkpt lat="52.32817" lon="5.06392"></trkpt><trkpt lat="52.32849" lon="5.06405"></trkpt><trkpt lat="52.32893" lon="5.06407"></trkpt><trkpt lat="52.32916" lon="5.06411"></trkpt><trkpt lat="52.32938" lon="5.06425"></trkpt><trkpt lat="52.32967" lon="5.06463"></trkpt><trkpt lat="52.32987" lon="5.06485"></trkpt><trkpt lat="52.32996" lon="5.06488"></trkpt><trkpt lat="52.33007" lon="5.06503"></trkpt><trkpt lat="52.33030" lon="5.06528"></trkpt><trkpt lat="52.33046" lon="5.06550"></trkpt><trkpt lat="52.33053" lon="5.06569"></trkpt><trkpt lat="52.33063" lon="5.06582"></trkpt><trkpt lat="52.33069" lon="5.06595"></trkpt><trkpt lat="52.33068" lon="5.06605"></trkpt><trkpt lat="52.33061" lon="5.06639"></trkpt><trkpt lat="52.33031" lon="5.06819"></trkpt><trkpt lat="52.32973" lon="5.07003"></trkpt><trkpt lat="52.32970" lon="5.07022"></trkpt><trkpt lat="52.32986" lon="5.07091"></trkpt><trkpt lat="52.32986" lon="5.07116"></trkpt><trkpt lat="52.32982" lon="5.07129"></trkpt><trkpt lat="52.33006" lon="5.07170"></trkpt><trkpt lat="52.33019" lon="5.07204"></trkpt><trkpt lat="52.33024" lon="5.07209"></trkpt><trkpt lat="52.33036" lon="5.07301"></trkpt><trkpt lat="52.33033" lon="5.07309"></trkpt><trkpt lat="52.33025" lon="5.07316"></trkpt><trkpt lat="52.33007" lon="5.07327"></trkpt><trkpt lat="52.32938" lon="5.07360"></trkpt><trkpt lat="52.32925" lon="5.07373"></trkpt><trkpt lat="52.32916" lon="5.07392"></trkpt><trkpt lat="52.32889" lon="5.07462"></trkpt><trkpt lat="52.32868" lon="5.07525"></trkpt><trkpt lat="52.32887" lon="5.07559"></trkpt><trkpt lat="52.32947" lon="5.07636"></trkpt><trkpt lat="52.32960" lon="5.07661"></trkpt><trkpt lat="52.33008" lon="5.07717"></trkpt><trkpt lat="52.33018" lon="5.07727"></trkpt><trkpt lat="52.33082" lon="5.07782"></trkpt><trkpt lat="52.33168" lon="5.07861"></trkpt><trkpt lat="52.33232" lon="5.07925"></trkpt><trkpt lat="52.33308" lon="5.07994"></trkpt><trkpt lat="52.33413" lon="5.08094"></trkpt><trkpt lat="52.33463" lon="5.08138"></trkpt><trkpt lat="52.33519" lon="5.08209"></trkpt><trkpt lat="52.33559" lon="5.08288"></trkpt><trkpt lat="52.33603" lon="5.08387"></trkpt><trkpt lat="52.33645" lon="5.08474"></trkpt><trkpt lat="52.33680" lon="5.08552"></trkpt><trkpt lat="52.33725" lon="5.08640"></trkpt><trkpt lat="52.33814" lon="5.08839"></trkpt><trkpt lat="52.33854" lon="5.08941"></trkpt><trkpt lat="52.33856" lon="5.08958"></trkpt><trkpt lat="52.33854" lon="5.09086"></trkpt><trkpt lat="52.33852" lon="5.09118"></trkpt><trkpt lat="52.33849" lon="5.09130"></trkpt><trkpt lat="52.33850" lon="5.09154"></trkpt><trkpt lat="52.33857" lon="5.09209"></trkpt><trkpt lat="52.33859" lon="5.09285"></trkpt><trkpt lat="52.33855" lon="5.09350"></trkpt><trkpt lat="52.33850" lon="5.09366"></trkpt><trkpt lat="52.33831" lon="5.09403"></trkpt><trkpt lat="52.33794" lon="5.09464"></trkpt><trkpt lat="52.33736" lon="5.09580"></trkpt><trkpt lat="52.33716" lon="5.09628"></trkpt><trkpt lat="52.33687" lon="5.09713"></trkpt><trkpt lat="52.33607" lon="5.09904"></trkpt><trkpt lat="52.33597" lon="5.09919"></trkpt><trkpt lat="52.33569" lon="5.09938"></trkpt><trkpt lat="52.33559" lon="5.09949"></trkpt><trkpt lat="52.33483" lon="5.10050"></trkpt><trkpt lat="52.33433" lon="5.10124"></trkpt><trkpt lat="52.33426" lon="5.10139"></trkpt><trkpt lat="52.33422" lon="5.10158"></trkpt><trkpt lat="52.33424" lon="5.10204"></trkpt><trkpt lat="52.33419" lon="5.10222"></trkpt><trkpt lat="52.33408" lon="5.10240"></trkpt><trkpt lat="52.33356" lon="5.10282"></trkpt><trkpt lat="52.33321" lon="5.10317"></trkpt><trkpt lat="52.33299" lon="5.10354"></trkpt><trkpt lat="52.33255" lon="5.10444"></trkpt><trkpt lat="52.33107" lon="5.10712"></trkpt><trkpt lat="52.33093" lon="5.10733"></trkpt><trkpt lat="52.33051" lon="5.10817"></trkpt><trkpt lat="52.33016" lon="5.10901"></trkpt><trkpt lat="52.32974" lon="5.10958"></trkpt><trkpt lat="52.32951" lon="5.11032"></trkpt><trkpt lat="52.32927" lon="5.11084"></trkpt><trkpt lat="52.32896" lon="5.11144"></trkpt><trkpt lat="52.32815" lon="5.11273"></trkpt><trkpt lat="52.32795" lon="5.11307"></trkpt><trkpt lat="52.32786" lon="5.11314"></trkpt><trkpt lat="52.32761" lon="5.11309"></trkpt><trkpt lat="52.32755" lon="5.11304"></trkpt><trkpt lat="52.32750" lon="5.11326"></trkpt><trkpt lat="52.32697" lon="5.11442"></trkpt><trkpt lat="52.32688" lon="5.11456"></trkpt><trkpt lat="52.32676" lon="5.11460"></trkpt><trkpt lat="52.32678" lon="5.11485"></trkpt><trkpt lat="52.32710" lon="5.11613"></trkpt><trkpt lat="52.32712" lon="5.11630"></trkpt><trkpt lat="52.32709" lon="5.11665"></trkpt><trkpt lat="52.32687" lon="5.11729"></trkpt><trkpt lat="52.32687" lon="5.11749"></trkpt><trkpt lat="52.32692" lon="5.11758"></trkpt><trkpt lat="52.32728" lon="5.11797"></trkpt><trkpt lat="52.32746" lon="5.11810"></trkpt><trkpt lat="52.32771" lon="5.11834"></trkpt><trkpt lat="52.32780" lon="5.11838"></trkpt><trkpt lat="52.32871" lon="5.11941"></trkpt><trkpt lat="52.32910" lon="5.11975"></trkpt><trkpt lat="52.32899" lon="5.12044"></trkpt><trkpt lat="52.32889" lon="5.12079"></trkpt><trkpt lat="52.32809" lon="5.12290"></trkpt><trkpt lat="52.32796" lon="5.12351"></trkpt><trkpt lat="52.32785" lon="5.12372"></trkpt><trkpt lat="52.32774" lon="5.12382"></trkpt><trkpt lat="52.32740" lon="5.12399"></trkpt><trkpt lat="52.32734" lon="5.12400"></trkpt><trkpt lat="52.32720" lon="5.12393"></trkpt><trkpt lat="52.32704" lon="5.12382"></trkpt><trkpt lat="52.32691" lon="5.12381"></trkpt><trkpt lat="52.32606" lon="5.12406"></trkpt><trkpt lat="52.32562" lon="5.12422"></trkpt><trkpt lat="52.32529" lon="5.12463"></trkpt><trkpt lat="52.32504" lon="5.12498"></trkpt><trkpt lat="52.32456" lon="5.12518"></trkpt><trkpt lat="52.32434" lon="5.12535"></trkpt><trkpt lat="52.32414" lon="5.12561"></trkpt><trkpt lat="52.32383" lon="5.12614"></trkpt><trkpt lat="52.32354" lon="5.12660"></trkpt><trkpt lat="52.32357" lon="5.12667"></trkpt><trkpt lat="52.32359" lon="5.12687"></trkpt><trkpt lat="52.32364" lon="5.12699"></trkpt><trkpt lat="52.32431" lon="5.12804"></trkpt><trkpt lat="52.32438" lon="5.12829"></trkpt><trkpt lat="52.32437" lon="5.12845"></trkpt><trkpt lat="52.32433" lon="5.12858"></trkpt><trkpt lat="52.32387" lon="5.12913"></trkpt><trkpt lat="52.32284" lon="5.13042"></trkpt><trkpt lat="52.32240" lon="5.13085"></trkpt><trkpt lat="52.32120" lon="5.13224"></trkpt><trkpt lat="52.32060" lon="5.13289"></trkpt><trkpt lat="52.32017" lon="5.13343"></trkpt><trkpt lat="52.32005" lon="5.13365"></trkpt><trkpt lat="52.31999" lon="5.13371"></trkpt><trkpt lat="52.31992" lon="5.13374"></trkpt><trkpt lat="52.31885" lon="5.13510"></trkpt><trkpt lat="52.31880" lon="5.13520"></trkpt><trkpt lat="52.31877" lon="5.13534"></trkpt><trkpt lat="52.31877" lon="5.13546"></trkpt><trkpt lat="52.31883" lon="5.13583"></trkpt><trkpt lat="52.31797" lon="5.13622"></trkpt><trkpt lat="52.31678" lon="5.13798"></trkpt><trkpt lat="52.31661" lon="5.13817"></trkpt><trkpt lat="52.31631" lon="5.13836"></trkpt><trkpt lat="52.31607" lon="5.13868"></trkpt><trkpt lat="52.31567" lon="5.13916"></trkpt><trkpt lat="52.31559" lon="5.13921"></trkpt><trkpt lat="52.31516" lon="5.13940"></trkpt><trkpt lat="52.31476" lon="5.13975"></trkpt><trkpt lat="52.31451" lon="5.13992"></trkpt><trkpt lat="52.31440" lon="5.14004"></trkpt><trkpt lat="52.31430" lon="5.14030"></trkpt><trkpt lat="52.31411" lon="5.14095"></trkpt><trkpt lat="52.31392" lon="5.14134"></trkpt><trkpt lat="52.31371" lon="5.14165"></trkpt><trkpt lat="52.31353" lon="5.14197"></trkpt><trkpt lat="52.31297" lon="5.14337"></trkpt><trkpt lat="52.31287" lon="5.14337"></trkpt><trkpt lat="52.31221" lon="5.14262"></trkpt><trkpt lat="52.31177" lon="5.14258"></trkpt><trkpt lat="52.31164" lon="5.14250"></trkpt><trkpt lat="52.31112" lon="5.14169"></trkpt><trkpt lat="52.31093" lon="5.14146"></trkpt><trkpt lat="52.31084" lon="5.14146"></trkpt><trkpt lat="52.31070" lon="5.14158"></trkpt><trkpt lat="52.31059" lon="5.14175"></trkpt><trkpt lat="52.31049" lon="5.14211"></trkpt><trkpt lat="52.31034" lon="5.14207"></trkpt><trkpt lat="52.31013" lon="5.14207"></trkpt><trkpt lat="52.30992" lon="5.14220"></trkpt><trkpt lat="52.30984" lon="5.14229"></trkpt><trkpt lat="52.30961" lon="5.14261"></trkpt><trkpt lat="52.30927" lon="5.14298"></trkpt><trkpt lat="52.30905" lon="5.14316"></trkpt><trkpt lat="52.30715" lon="5.14435"></trkpt><trkpt lat="52.30737" lon="5.14666"></trkpt><trkpt lat="52.30739" lon="5.14754"></trkpt><trkpt lat="52.30720" lon="5.14763"></trkpt><trkpt lat="52.30714" lon="5.14777"></trkpt><trkpt lat="52.30711" lon="5.14918"></trkpt><trkpt lat="52.30705" lon="5.14944"></trkpt><trkpt lat="52.30675" lon="5.15011"></trkpt><trkpt lat="52.30662" lon="5.15029"></trkpt><trkpt lat="52.30625" lon="5.15029"></trkpt><trkpt lat="52.30580" lon="5.15033"></trkpt><trkpt lat="52.30563" lon="5.15037"></trkpt><trkpt lat="52.30544" lon="5.15050"></trkpt><trkpt lat="52.30534" lon="5.15059"></trkpt><trkpt lat="52.30463" lon="5.15191"></trkpt><trkpt lat="52.30385" lon="5.15288"></trkpt><trkpt lat="52.30341" lon="5.15358"></trkpt><trkpt lat="52.30303" lon="5.15439"></trkpt><trkpt lat="52.30268" lon="5.15522"></trkpt><trkpt lat="52.30242" lon="5.15565"></trkpt><trkpt lat="52.30122" lon="5.15694"></trkpt><trkpt lat="52.29994" lon="5.15847"></trkpt><trkpt lat="52.29987" lon="5.15851"></trkpt><trkpt lat="52.29948" lon="5.15847"></trkpt><trkpt lat="52.29908" lon="5.15888"></trkpt><trkpt lat="52.29899" lon="5.15876"></trkpt><trkpt lat="52.29845" lon="5.15847"></trkpt><trkpt lat="52.29805" lon="5.15816"></trkpt><trkpt lat="52.29801" lon="5.15807"></trkpt><trkpt lat="52.29782" lon="5.15822"></trkpt><trkpt lat="52.29770" lon="5.15821"></trkpt><trkpt lat="52.29676" lon="5.15792"></trkpt><trkpt lat="52.29662" lon="5.15802"></trkpt><trkpt lat="52.29615" lon="5.15911"></trkpt><trkpt lat="52.29601" lon="5.15931"></trkpt></trkseg></trk></gpx>